step,system_total_stopped,system_total_waiting_time,system_mean_waiting_time,system_mean_speed,J21_stopped,J21_accumulated_waiting_time,J21_average_speed,J31_stopped,J31_accumulated_waiting_time,J31_average_speed,J32_stopped,J32_accumulated_waiting_time,J32_average_speed,J44_stopped,J44_accumulated_waiting_time,J44_average_speed,J46_stopped,J46_accumulated_waiting_time,J46_average_speed,J47_stopped,J47_accumulated_waiting_time,J47_average_speed,J50_stopped,J50_accumulated_waiting_time,J50_average_speed,J51_stopped,J51_accumulated_waiting_time,J51_average_speed,J52_stopped,J52_accumulated_waiting_time,J52_average_speed,J53_stopped,J53_accumulated_waiting_time,J53_average_speed,J54_stopped,J54_accumulated_waiting_time,J54_average_speed,agents_total_stopped,agents_total_accumulated_waiting_time
0.0,0,0.0,0.0,0.0,0,0.0,1.0,0,0.0,1.0,0,0.0,1.0,0,0.0,1.0,0,0.0,1.0,0,0.0,1.0,0,0.0,1.0,0,0.0,1.0,0,0.0,1.0,0,0.0,1.0,0,0.0,1.0,0,0.0
5.0,0,0.0,0.0,5.867566744643264,0,0.0,1.0,0,0.0,0.37039585454428625,0,0.0,1.0,0,0.0,0.39544697117132466,0,0.0,1.0,0,0.0,1.0,0,0.0,1.0,0,0.0,1.0,0,0.0,1.0,0,0.0,1.0,0,0.0,1.0,0,0.0
10.0,2,0.0,0.0,8.056655624228522,0,0.0,1.0,1,0.0,0.0,0,0.0,0.9628183418676953,1,0.0,0.4431710690219838,0,0.0,1.0,0,0.0,1.0,0,0.0,1.0,0,0.0,1.0,0,0.0,1.0,0,0.0,1.0,0,0.0,1.0,2,0.0
15.0,0,0.0,0.0,9.852344579031568,0,0.0,1.0,0,0.0,0.7432988039735654,0,0.0,1.0,0,0.0,0.6560366354285424,0,0.0,1.0,0,0.0,1.0,0,0.0,1.0,0,0.0,1.0,0,0.0,1.0,0,0.0,1.0,0,0.0,1.0,0,0.0
20.0,0,0.0,0.0,9.025882759358995,0,0.0,1.0,0,0.0,0.15749800821834226,0,0.0,0.8873507175737078,0,0.0,0.5172175592064996,0,0.0,1.0,0,0.0,1.0,0,0.0,1.0,0,0.0,0.914343499922485,0,0.0,1.0,0,0.0,1.0,0,0.0,1.0,0,0.0
25.0,0,0.0,0.0,11.83069613310578,0,0.0,0.9170002796932383,0,0.0,0.8679952078897822,0,0.0,1.0,0,0.0,0.7409529035870767,0,0.0,0.772321102692297,0,0.0,1.0,0,0.0,1.0,0,0.0,1.0,0,0.0,1.0,0,0.0,1.0,0,0.0,1.0,0,0.0
30.0,0,0.0,0.0,8.812407938431098,0,0.0,1.0,0,0.0,0.2777988721213478,0,0.0,1.0,0,0.0,0.5838618749864296,0,0.0,1.0,0,0.0,1.0,0,0.0,0.9343163859744451,0,0.0,0.9948737122395771,0,0.0,1.0,0,0.0,1.0,0,0.0,1.0,0,0.0
35.0,0,0.0,0.0,10.117605966049537,0,0.0,0.9844854844065808,0,0.0,0.912359327551171,0,0.0,1.0,0,0.0,0.8450274353516087,0,0.0,1.0,0,0.0,1.0,0,0.0,1.0,0,0.0,1.0,0,0.0,1.0,0,0.0,1.0,0,0.0,1.0,0,0.0
40.0,0,0.0,0.0,10.491602629921257,0,0.0,0.660481454950424,0,0.0,0.4040852596511565,0,0.0,1.0,0,0.0,0.6614760856025556,0,0.0,1.0,0,0.0,1.0,0,0.0,1.0,0,0.0,1.0,0,0.0,1.0,0,0.0,1.0,0,0.0,1.0,0,0.0
45.0,1,0.0,0.0,10.744914594963152,0,0.0,1.0,0,0.0,1.0,0,0.0,0.9662640529726729,0,0.0,0.9483267082980157,0,0.0,1.0,0,0.0,1.0,0,0.0,1.0,0,0.0,1.0,0,0.0,1.0,0,0.0,1.0,0,0.0,1.0,0,0.0
50.0,0,0.0,0.0,10.223544326458766,0,0.0,1.0,0,0.0,0.6287667134794436,0,0.0,1.0,0,0.0,0.5522760188258681,0,0.0,1.0,0,0.0,1.0,0,0.0,0.9635170432786936,0,0.0,1.0,0,0.0,1.0,0,0.0,1.0,0,0.0,1.0,0,0.0
55.0,3,0.0,0.0,8.856361297104963,0,0.0,1.0,1,0.0,0.0,0,0.0,0.9372817027857279,1,0.0,0.48357300731462355,0,0.0,1.0,0,0.0,1.0,0,0.0,1.0,0,0.0,0.9448710491083973,0,0.0,1.0,0,0.0,1.0,0,0.0,1.0,2,0.0
60.0,0,0.0,0.0,11.441657050592248,0,0.0,0.9686143120784063,0,0.0,0.6270978677668391,0,0.0,1.0,0,0.0,0.518072675988987,0,0.0,1.0,0,0.0,1.0,0,0.0,1.0,0,0.0,1.0,0,0.0,1.0,0,0.0,1.0,0,0.0,1.0,0,0.0
65.0,1,0.0,0.0,9.720789732098597,0,0.0,1.0,0,0.0,0.18330623756939085,0,0.0,1.0,0,0.0,0.5891552013056195,0,0.0,1.0,0,0.0,1.0,0,0.0,0.9090711122339794,0,0.0,1.0,0,0.0,1.0,0,0.0,1.0,0,0.0,1.0,0,0.0
70.0,0,0.0,0.0,11.172221445852395,0,0.0,0.9139574290848055,0,0.0,0.9246888299688492,0,0.0,1.0,0,0.0,0.9213400034366047,0,0.0,1.0,0,0.0,1.0,0,0.0,1.0,0,0.0,1.0,0,0.0,1.0,0,0.0,1.0,0,0.0,1.0,0,0.0
75.0,1,3.0,0.1875,9.41842022898819,0,0.0,1.0,0,0.0,0.24633217264136245,0,0.0,1.0,0,0.0,0.5757986351261946,0,0.0,1.0,0,0.0,1.0,0,0.0,1.0,0,0.0,1.0,0,0.0,1.0,0,0.0,1.0,0,0.0,1.0,0,0.0
80.0,1,8.0,0.6153846153846154,11.278528110939838,0,0.0,0.9808707133743041,0,0.0,1.0,0,0.0,1.0,0,0.0,0.7823937578466078,0,0.0,1.0,0,0.0,1.0,0,0.0,1.0,0,0.0,1.0,0,0.0,1.0,0,0.0,1.0,0,0.0,1.0,0,0.0
85.0,0,0.0,0.0,11.278667320029337,0,0.0,1.0,0,0.0,0.4395500645317854,0,0.0,1.0,0,0.0,0.666695373611588,0,0.0,1.0,0,0.0,1.0,0,0.0,0.9441842617481225,0,0.0,1.0,0,0.0,1.0,0,0.0,1.0,0,0.0,1.0,0,0.0
90.0,0,0.0,0.0,11.012900837338446,0,0.0,1.0,0,0.0,1.0,0,0.0,0.913561694929142,0,0.0,0.9953327118281117,0,0.0,1.0,0,0.0,1.0,0,0.0,1.0,0,0.0,1.0,0,0.0,1.0,0,0.0,1.0,0,0.0,1.0,0,0.0
95.0,1,0.0,0.0,10.264945240981868,0,0.0,0.9596401080280503,0,0.0,0.7021262630321945,0,0.0,1.0,0,0.0,0.6771484032008473,0,0.0,1.0,0,0.0,1.0,0,0.0,0.961530174028428,0,0.0,1.0,0,0.0,1.0,0,0.0,1.0,0,0.0,1.0,0,0.0
100.0,3,0.0,0.0,9.772931404149748,0,0.0,1.0,1,0.0,0.0,0,0.0,0.8907494499006506,1,0.0,0.49272425003399867,0,0.0,1.0,0,0.0,1.0,0,0.0,1.0,0,0.0,1.0,0,0.0,1.0,0,0.0,1.0,0,0.0,1.0,2,0.0
105.0,1,2.0,0.15384615384615385,9.151537676762025,0,0.0,0.9418733437280422,0,0.0,0.5989649260593254,0,0.0,1.0,0,0.0,0.7183869865505896,0,0.0,1.0,0,0.0,1.0,0,0.0,0.9202308088144655,0,0.0,0.9682474332299632,0,0.0,1.0,0,0.0,1.0,0,0.0,1.0,0,0.0
110.0,1,7.0,0.4375,9.205158573239764,0,0.0,0.9978514346227051,0,0.0,0.11392496274222763,0,0.0,1.0,0,0.0,0.5439937264394699,0,0.0,1.0,0,0.0,1.0,0,0.0,1.0,0,0.0,0.9116628639359379,0,0.0,1.0,0,0.0,1.0,0,0.0,1.0,0,0.0
115.0,1,12.0,0.8571428571428571,10.856531286711867,0,0.0,1.0,0,0.0,0.9793066445056996,0,0.0,1.0,0,0.0,0.8351622066700697,0,0.0,1.0,0,0.0,1.0,0,0.0,1.0,0,0.0,1.0,0,0.0,1.0,0,0.0,1.0,0,0.0,1.0,0,0.0
120.0,1,17.0,1.1333333333333333,9.910840089951675,0,0.0,0.9666674580166857,0,0.0,0.3090002464448416,0,0.0,1.0,0,0.0,0.6426175514043613,0,0.0,1.0,0,0.0,1.0,0,0.0,1.0,0,0.0,1.0,0,0.0,1.0,0,0.0,1.0,0,0.0,1.0,0,0.0
125.0,1,22.0,1.375,9.56122858709512,0,0.0,1.0,0,0.0,0.9081641452829143,0,0.0,1.0,0,0.0,0.9240792143902093,0,0.0,1.0,0,0.0,1.0,0,0.0,1.0,0,0.0,1.0,0,0.0,1.0,0,0.0,1.0,0,0.0,1.0,0,0.0
130.0,1,27.0,1.6875,10.371186414488768,0,0.0,0.9785209444597286,0,0.0,0.3782652877505833,0,0.0,1.0,0,0.0,0.6320374900918244,0,0.0,1.0,0,0.0,1.0,0,0.0,1.0,0,0.0,1.0,0,0.0,1.0,0,0.0,1.0,0,0.0,1.0,0,0.0
135.0,1,32.0,2.1333333333333333,10.864123156509795,0,0.0,1.0,0,0.0,1.0,0,0.0,0.9205607269455702,0,0.0,0.8947387261155544,0,0.0,1.0,0,0.0,1.0,0,0.0,1.0,0,0.0,1.0,0,0.0,1.0,0,0.0,1.0,0,0.0,1.0,0,0.0
140.0,1,37.0,2.466666666666667,9.74324156975579,0,0.0,0.9254790186180074,0,0.0,0.5058986358248645,0,0.0,1.0,0,0.0,0.44276099720295753,0,0.0,1.0,0,0.0,1.0,0,0.0,0.9478219945603401,0,0.0,1.0,0,0.0,1.0,0,0.0,1.0,0,0.0,1.0,0,0.0
145.0,5,44.0,2.4444444444444446,9.483541233117359,0,0.0,0.9460155486486861,1,0.0,0.0,0,0.0,0.9809731073604396,1,0.0,0.4706362935401966,0,0.0,1.0,0,0.0,1.0,0,0.0,1.0,0,0.0,1.0,0,0.0,1.0,0,0.0,1.0,0,0.0,1.0,2,0.0
150.0,2,54.0,3.375,10.792621565503993,0,0.0,1.0,0,0.0,0.6869912611947648,0,0.0,1.0,0,0.0,0.8268904291434617,0,0.0,1.0,0,0.0,1.0,0,0.0,1.0,0,0.0,0.9343813937381666,0,0.0,1.0,0,0.0,1.0,0,0.0,1.0,0,0.0
155.0,2,64.0,4.0,8.029102404322895,0,0.0,0.9829670301793776,0,0.0,0.12582265083813132,0,0.0,1.0,0,0.0,0.5139306007151803,0,0.0,1.0,0,0.0,1.0,0,0.0,0.9295414341215884,0,0.0,0.980843588513251,0,0.0,1.0,0,0.0,1.0,0,0.0,1.0,0,0.0
160.0,3,74.0,4.933333333333334,10.016367399570889,0,0.0,1.0,0,0.0,0.853931506379642,0,0.0,1.0,0,0.0,0.6805419294951768,0,0.0,1.0,0,0.0,1.0,0,0.0,1.0,0,0.0,1.0,0,0.0,1.0,0,0.0,1.0,0,0.0,1.0,0,0.0
165.0,1,1.0,0.06666666666666667,9.151334990338501,0,0.0,1.0,0,0.0,0.3152173330316238,0,0.0,1.0,0,0.0,0.6110255650814211,0,0.0,1.0,0,0.0,1.0,0,0.0,1.0,0,0.0,0.9099936188100728,0,0.0,1.0,0,0.0,1.0,0,0.0,1.0,0,0.0
170.0,1,6.0,0.42857142857142855,11.258490973490066,0,0.0,0.9415314218552837,0,0.0,1.0,0,0.0,1.0,0,0.0,0.9936901883753277,0,0.0,1.0,0,0.0,1.0,0,0.0,0.9603761668626432,0,0.0,0.9127822672301432,0,0.0,1.0,0,0.0,1.0,0,0.0,1.0,0,0.0
175.0,0,0.0,0.0,10.117827550427716,0,0.0,1.0,0,0.0,0.474549898343707,0,0.0,1.0,0,0.0,0.40474398828913244,0,0.0,1.0,0,0.0,1.0,0,0.0,1.0,0,0.0,1.0,0,0.0,1.0,0,0.0,1.0,0,0.0,1.0,0,0.0
180.0,0,0.0,0.0,12.452186393789175,0,0.0,0.9643437290681948,0,0.0,1.0,0,0.0,0.9401706643130164,0,0.0,0.9301508155620815,0,0.0,1.0,0,0.0,1.0,0,0.0,1.0,0,0.0,1.0,0,0.0,1.0,0,0.0,1.0,0,0.0,1.0,0,0.0
185.0,0,0.0,0.0,9.887302547788728,0,0.0,1.0,0,0.0,0.3221581833263364,0,0.0,1.0,0,0.0,0.6572442530051406,0,0.0,1.0,0,0.0,1.0,0,0.0,1.0,0,0.0,1.0,0,0.0,1.0,0,0.0,1.0,0,0.0,1.0,0,0.0
190.0,3,5.0,0.29411764705882354,9.684672845268011,0,0.0,0.9886733211453735,1,0.0,0.48833805265367547,0,0.0,0.9823885237990619,1,0.0,0.49103674693730154,0,0.0,1.0,0,0.0,1.0,0,0.0,1.0,0,0.0,0.9872690533977828,0,0.0,1.0,0,0.0,1.0,0,0.0,1.0,2,0.0
195.0,2,11.0,0.6875,10.151310031800172,0,0.0,0.9764761392113791,0,0.0,0.7486242894809381,0,0.0,1.0,0,0.0,0.6148126694231243,0,0.0,1.0,0,0.0,1.0,0,0.0,0.941907453809551,0,0.0,1.0,0,0.0,1.0,0,0.0,1.0,0,0.0,1.0,0,0.0
200.0,1,3.0,0.16666666666666666,9.716423902860164,0,0.0,0.9719024627582429,0,0.0,0.17035795675690824,0,0.0,1.0,0,0.0,0.5567632537052113,0,0.0,1.0,0,0.0,1.0,0,0.0,1.0,0,0.0,1.0,0,0.0,1.0,0,0.0,1.0,0,0.0,1.0,0,0.0
205.0,1,8.0,0.5,11.092300890344244,0,0.0,1.0,0,0.0,0.7807546713852986,0,0.0,1.0,0,0.0,0.9046184514330277,0,0.0,1.0,0,0.0,1.0,0,0.0,1.0,0,0.0,1.0,0,0.0,1.0,0,0.0,0.814016174238054,0,0.0,1.0,0,0.0
210.0,0,0.0,0.0,10.516529121250901,0,0.0,0.9140215076722709,0,0.0,0.3645315354533746,0,0.0,1.0,0,0.0,0.6279845471540728,0,0.0,1.0,0,0.0,1.0,0,0.0,0.9622862529061131,0,0.0,1.0,0,0.0,1.0,0,0.0,1.0,0,0.0,1.0,0,0.0
215.0,0,0.0,0.0,11.415774108063156,0,0.0,1.0,0,0.0,0.956538007642517,0,0.0,1.0,0,0.0,0.8678138357773213,0,0.0,1.0,0,0.0,1.0,0,0.0,1.0,0,0.0,1.0,0,0.0,1.0,0,0.0,1.0,0,0.0,1.0,0,0.0
220.0,0,0.0,0.0,11.677276253504681,0,0.0,0.9838573800231218,0,0.0,0.407086426324836,0,0.0,1.0,0,0.0,0.4314349314421804,0,0.0,1.0,0,0.0,1.0,0,0.0,0.9800646975618602,0,0.0,1.0,0,0.0,1.0,0,0.0,1.0,0,0.0,1.0,0,0.0
225.0,1,0.0,0.0,10.508007812173929,0,0.0,1.0,0,0.0,1.0,0,0.0,0.9088271032716188,0,0.0,0.9685357825973048,0,0.0,1.0,0,0.0,1.0,0,0.0,1.0,0,0.0,1.0,0,0.0,1.0,0,0.0,1.0,0,0.0,1.0,0,0.0
230.0,0,0.0,0.0,11.75190482865746,0,0.0,1.0,0,0.0,0.4905818152067703,0,0.0,1.0,0,0.0,0.5460149073394851,0,0.0,1.0,0,0.0,1.0,0,0.0,1.0,0,0.0,1.0,0,0.0,1.0,0,0.0,1.0,0,0.0,1.0,0,0.0
235.0,4,1.0,0.06666666666666667,8.267282514490663,0,0.0,1.0,1,0.0,0.0,0,0.0,0.9669796044676422,1,0.0,0.4679610634292626,0,0.0,1.0,0,0.0,1.0,0,0.0,1.0,0,0.0,0.9628644254845568,0,0.0,1.0,0,0.0,1.0,0,0.0,1.0,2,0.0
240.0,0,0.0,0.0,10.826826884235283,0,0.0,0.9599782966827664,0,0.0,0.683282330830058,0,0.0,1.0,0,0.0,0.6328517713672169,0,0.0,1.0,0,0.0,1.0,0,0.0,0.9448291737365816,0,0.0,1.0,0,0.0,1.0,0,0.0,1.0,0,0.0,1.0,0,0.0
245.0,1,0.0,0.0,10.102036117887476,0,0.0,0.9447966166683806,0,0.0,0.09253850270931704,0,0.0,1.0,0,0.0,0.5739618860176298,0,0.0,1.0,0,0.0,1.0,0,0.0,1.0,0,0.0,1.0,0,0.0,1.0,0,0.0,1.0,0,0.0,1.0,0,0.0
250.0,0,0.0,0.0,11.545270879055227,0,0.0,1.0,0,0.0,0.6309274527753643,0,0.0,1.0,0,0.0,0.9153824491475023,0,0.0,1.0,0,0.0,1.0,0,0.0,0.985914042768587,0,0.0,1.0,0,0.0,1.0,0,0.0,1.0,0,0.0,1.0,0,0.0
255.0,1,2.0,0.13333333333333333,9.320841843178478,0,0.0,1.0,0,0.0,0.20495912556352133,0,0.0,1.0,0,0.0,0.60262549916373,0,0.0,1.0,0,0.0,1.0,0,0.0,1.0,0,0.0,0.9155804140254516,0,0.0,1.0,0,0.0,1.0,0,0.0,1.0,0,0.0
260.0,1,7.0,0.5384615384615384,12.032709362290474,0,0.0,0.9905352781474999,0,0.0,0.8394080863227933,0,0.0,1.0,0,0.0,0.9058690619067767,0,0.0,1.0,0,0.0,1.0,0,0.0,1.0,0,0.0,1.0,0,0.0,1.0,0,0.0,1.0,0,0.0,1.0,0,0.0
265.0,1,12.0,0.8571428571428571,10.08402132587569,0,0.0,1.0,0,0.0,0.43595204013269945,0,0.0,1.0,0,0.0,0.6504253118384017,0,0.0,1.0,0,0.0,1.0,0,0.0,0.9618008736661653,0,0.0,1.0,0,0.0,1.0,0,0.0,1.0,0,0.0,1.0,0,0.0
270.0,0,0.0,0.0,10.929114931333912,0,0.0,1.0,0,0.0,1.0,0,0.0,0.9243573425048266,0,0.0,0.9100517503234543,0,0.0,1.0,0,0.0,1.0,0,0.0,1.0,0,0.0,1.0,0,0.0,1.0,0,0.0,1.0,0,0.0,1.0,0,0.0
275.0,1,0.0,0.0,10.666152806996154,0,0.0,0.9147590179923331,0,0.0,0.6742687389057803,0,0.0,1.0,0,0.0,0.5661587489546092,0,0.0,1.0,0,0.0,1.0,0,0.0,0.9747276912242806,0,0.0,1.0,0,0.0,1.0,0,0.0,1.0,0,0.0,1.0,0,0.0
280.0,3,0.0,0.0,9.760976771490375,0,0.0,1.0,1,0.0,0.0,0,0.0,0.9516754628873687,1,0.0,0.46850509902403886,0,0.0,1.0,0,0.0,1.0,0,0.0,1.0,0,0.0,1.0,0,0.0,1.0,0,0.0,1.0,0,0.0,1.0,2,0.0
285.0,0,0.0,0.0,10.163566791512693,0,0.0,0.8955685663619247,0,0.0,0.6576190914180281,0,0.0,1.0,0,0.0,0.6783250019732421,0,0.0,1.0,0,0.0,1.0,0,0.0,1.0,0,0.0,0.9792765822560842,0,0.0,1.0,0,0.0,1.0,0,0.0,1.0,0,0.0
290.0,1,4.0,0.25,9.88930572201868,0,0.0,0.9331796831657896,0,0.0,0.1581991008855472,0,0.0,0.9003504301473487,0,0.0,0.5378475904370518,0,0.0,1.0,0,0.0,1.0,0,0.0,1.0,0,0.0,0.9956206836641469,0,0.0,1.0,0,0.0,1.0,0,0.0,1.0,0,0.0
295.0,0,0.0,0.0,11.046766284363413,0,0.0,0.9214132615879129,0,0.0,0.9812184217902956,0,0.0,1.0,0,0.0,0.7926374956037586,0,0.0,1.0,0,0.0,1.0,0,0.0,1.0,0,0.0,1.0,0,0.0,1.0,0,0.0,1.0,0,0.0,1.0,0,0.0
300.0,0,0.0,0.0,10.559574117899677,0,0.0,0.9260866783015059,0,0.0,0.3055382015993002,0,0.0,1.0,0,0.0,0.6106546089454845,0,0.0,1.0,0,0.0,1.0,0,0.0,1.0,0,0.0,1.0,0,0.0,1.0,0,0.0,1.0,0,0.0,1.0,0,0.0
305.0,0,0.0,0.0,10.530848884667794,0,0.0,1.0,0,0.0,1.0,0,0.0,1.0,0,0.0,0.9831566028233889,0,0.0,1.0,0,0.0,1.0,0,0.0,0.9940099350162859,0,0.0,1.0,0,0.0,1.0,0,0.0,1.0,0,0.0,1.0,0,0.0
310.0,0,0.0,0.0,10.393054960335535,0,0.0,0.945742936522138,0,0.0,0.5423416897525953,0,0.0,1.0,0,0.0,0.6265968430480054,0,0.0,1.0,0,0.0,1.0,0,0.0,1.0,0,0.0,1.0,0,0.0,1.0,0,0.0,1.0,0,0.0,1.0,0,0.0
315.0,0,0.0,0.0,10.883813003193143,0,0.0,1.0,0,0.0,1.0,0,0.0,0.9712849715744702,0,0.0,0.9111563642394462,0,0.0,1.0,0,0.0,1.0,0,0.0,1.0,0,0.0,1.0,0,0.0,1.0,0,0.0,0.8369870480410545,0,0.0,1.0,0,0.0
320.0,0,0.0,0.0,10.676424472890362,0,0.0,0.9589921211481639,0,0.0,0.6335800812816449,0,0.0,1.0,0,0.0,0.5326221396105377,0,0.0,1.0,0,0.0,1.0,0,0.0,1.0,0,0.0,1.0,0,0.0,1.0,0,0.0,1.0,0,0.0,1.0,0,0.0
325.0,3,0.0,0.0,8.830283164316612,0,0.0,0.8145453167145172,1,0.0,0.0,0,0.0,0.994388635183708,1,0.0,0.48204450833991724,0,0.0,1.0,0,0.0,1.0,0,0.0,1.0,0,0.0,1.0,0,0.0,1.0,0,0.0,1.0,0,0.0,1.0,2,0.0
330.0,0,0.0,0.0,11.524669401157878,0,0.0,1.0,0,0.0,0.6922023847665495,0,0.0,1.0,0,0.0,0.7599067741551262,0,0.0,1.0,0,0.0,1.0,0,0.0,1.0,0,0.0,1.0,0,0.0,1.0,0,0.0,1.0,0,0.0,1.0,0,0.0
335.0,0,0.0,0.0,9.595467475331898,0,0.0,0.9024355780671617,0,0.0,0.10346960825763138,0,0.0,0.9830761218974952,0,0.0,0.5329006553467687,0,0.0,1.0,0,0.0,1.0,0,0.0,1.0,0,0.0,1.0,0,0.0,1.0,0,0.0,1.0,0,0.0,1.0,0,0.0
340.0,1,0.0,0.0,10.683366857384417,0,0.0,1.0,0,0.0,0.8321564210399641,0,0.0,1.0,0,0.0,0.6414568977936479,0,0.0,1.0,0,0.0,1.0,0,0.0,1.0,0,0.0,1.0,0,0.0,1.0,0,0.0,1.0,0,0.0,1.0,0,0.0
345.0,0,0.0,0.0,10.13495738049571,0,0.0,1.0,0,0.0,0.3666698201504006,0,0.0,1.0,0,0.0,0.5958161183199013,0,0.0,1.0,0,0.0,1.0,0,0.0,1.0,0,0.0,1.0,0,0.0,1.0,0,0.0,1.0,0,0.0,1.0,0,0.0
350.0,0,0.0,0.0,12.468758857813807,0,0.0,0.8990833598608359,0,0.0,1.0,0,0.0,1.0,0,0.0,0.9307488925900257,0,0.0,1.0,0,0.0,1.0,0,0.0,0.987748620100426,0,0.0,1.0,0,0.0,1.0,0,0.0,1.0,0,0.0,1.0,0,0.0
355.0,0,0.0,0.0,10.341347229107267,0,0.0,1.0,0,0.0,0.39929057014140745,0,0.0,1.0,0,0.0,0.4048730781649977,0,0.0,1.0,0,0.0,1.0,0,0.0,1.0,0,0.0,1.0,0,0.0,1.0,0,0.0,1.0,0,0.0,1.0,0,0.0
360.0,0,0.0,0.0,13.09975607235876,0,0.0,0.9662723956418141,0,0.0,1.0,0,0.0,0.9575234178533886,0,0.0,0.905129506875139,0,0.0,1.0,0,0.0,1.0,0,0.0,1.0,0,0.0,1.0,0,0.0,1.0,0,0.0,1.0,0,0.0,1.0,0,0.0
365.0,0,0.0,0.0,10.398539953907054,0,0.0,1.0,0,0.0,0.5061545431459882,0,0.0,1.0,0,0.0,0.3723256452203397,0,0.0,1.0,0,0.0,1.0,0,0.0,1.0,0,0.0,1.0,0,0.0,1.0,0,0.0,1.0,0,0.0,1.0,0,0.0
370.0,2,0.0,0.0,10.099780288203206,0,0.0,0.9444882683301161,1,0.0,0.0,0,0.0,0.9492334801737596,1,0.0,0.48549967708854325,0,0.0,1.0,0,0.0,1.0,0,0.0,0.9387625564397196,0,0.0,1.0,0,0.0,1.0,0,0.0,1.0,0,0.0,1.0,2,0.0
375.0,1,3.0,0.2,10.531952672471602,0,0.0,0.7467713496449201,0,0.0,0.6319598281796028,0,0.0,1.0,0,0.0,0.5628622601626572,0,0.0,1.0,0,0.0,1.0,0,0.0,1.0,0,0.0,1.0,0,0.0,1.0,0,0.0,1.0,0,0.0,1.0,0,0.0
380.0,0,0.0,0.0,10.470351751647044,0,0.0,1.0,0,0.0,0.14546470302863992,0,0.0,1.0,0,0.0,0.5383270868254647,0,0.0,1.0,0,0.0,1.0,0,0.0,1.0,0,0.0,1.0,0,0.0,1.0,0,0.0,1.0,0,0.0,1.0,0,0.0
385.0,0,0.0,0.0,10.704975797349551,0,0.0,0.9559586845589181,0,0.0,0.9363623269243789,0,0.0,1.0,0,0.0,0.9123449747093865,0,0.0,1.0,0,0.0,1.0,0,0.0,1.0,0,0.0,0.9215053794874062,0,0.0,1.0,0,0.0,1.0,0,0.0,1.0,0,0.0
390.0,0,0.0,0.0,9.828527484028205,0,0.0,0.8523567248257721,0,0.0,0.344529425097851,0,0.0,0.8846160057070344,0,0.0,0.6292400069425466,0,0.0,1.0,0,0.0,1.0,0,0.0,0.9952791098383098,0,0.0,1.0,0,0.0,1.0,0,0.0,1.0,0,0.0,1.0,0,0.0
395.0,0,0.0,0.0,11.36331761764002,0,0.0,0.9446770615980021,0,0.0,1.0,0,0.0,1.0,0,0.0,0.918137139814746,0,0.0,1.0,0,0.0,1.0,0,0.0,1.0,0,0.0,1.0,0,0.0,1.0,0,0.0,1.0,0,0.0,1.0,0,0.0
400.0,0,0.0,0.0,10.955810833006224,0,0.0,1.0,0,0.0,0.3685771199145399,0,0.0,1.0,0,0.0,0.42364115003783254,0,0.0,1.0,0,0.0,1.0,0,0.0,1.0,0,0.0,1.0,0,0.0,1.0,0,0.0,1.0,0,0.0,1.0,0,0.0
405.0,1,0.0,0.0,10.041047937938997,0,0.0,1.0,0,0.0,1.0,0,0.0,0.951898372999489,0,0.0,0.9575333888585895,0,0.0,1.0,0,0.0,1.0,0,0.0,1.0,0,0.0,1.0,0,0.0,1.0,0,0.0,1.0,0,0.0,1.0,0,0.0
410.0,0,0.0,0.0,10.66630745511015,0,0.0,1.0,0,0.0,0.566543123539835,0,0.0,1.0,0,0.0,0.5501275819685736,0,0.0,1.0,0,0.0,1.0,0,0.0,1.0,0,0.0,1.0,0,0.0,1.0,0,0.0,1.0,0,0.0,1.0,0,0.0
415.0,3,0.0,0.0,8.978135045999412,0,0.0,1.0,1,0.0,0.0,0,0.0,0.968961821411063,1,0.0,0.45214207923516203,0,0.0,1.0,0,0.0,1.0,0,0.0,1.0,0,0.0,0.9682505534912577,0,0.0,1.0,0,0.0,1.0,0,0.0,1.0,2,0.0
420.0,0,0.0,0.0,10.791250854592295,0,0.0,0.9351182375623024,0,0.0,0.817152331057052,0,0.0,1.0,0,0.0,0.7047807204168921,0,0.0,1.0,0,0.0,1.0,0,0.0,0.9870430136041624,0,0.0,1.0,0,0.0,1.0,0,0.0,1.0,0,0.0,1.0,0,0.0
425.0,1,0.0,0.0,9.866734721262066,0,0.0,0.7772924613833639,0,0.0,0.14090519941564356,0,0.0,1.0,0,0.0,0.5774441579203609,0,0.0,1.0,0,0.0,1.0,0,0.0,1.0,0,0.0,1.0,0,0.0,1.0,0,0.0,0.8076413455926856,0,0.0,1.0,0,0.0
430.0,0,0.0,0.0,11.588348965007937,0,0.0,1.0,0,0.0,0.8509842153979337,0,0.0,1.0,0,0.0,0.9617553048480628,0,0.0,1.0,0,0.0,1.0,0,0.0,1.0,0,0.0,1.0,0,0.0,1.0,0,0.0,1.0,0,0.0,1.0,0,0.0
435.0,0,0.0,0.0,9.00636709413787,0,0.0,1.0,0,0.0,0.33744306239147603,0,0.0,1.0,0,0.0,0.6455452907863638,0,0.0,1.0,0,0.0,1.0,0,0.0,1.0,0,0.0,0.9144278689034644,0,0.0,1.0,0,0.0,0.8705531233902354,0,0.0,1.0,0,0.0
440.0,0,0.0,0.0,12.942376897768291,0,0.0,0.9561126885682438,0,0.0,1.0,0,0.0,1.0,0,0.0,0.9105383505836037,0,0.0,1.0,0,0.0,1.0,0,0.0,1.0,0,0.0,1.0,0,0.0,1.0,0,0.0,1.0,0,0.0,1.0,0,0.0
445.0,0,0.0,0.0,10.15321149192881,0,0.0,1.0,0,0.0,0.4490597319002627,0,0.0,1.0,0,0.0,0.3376954503465625,0,0.0,1.0,0,0.0,1.0,0,0.0,0.9111842939799009,0,0.0,0.8950974079388391,0,0.0,1.0,0,0.0,1.0,0,0.0,1.0,0,0.0
450.0,0,0.0,0.0,11.947666525938786,0,0.0,1.0,0,0.0,1.0,0,0.0,0.9542128492838503,0,0.0,0.9877796035832396,0,0.0,1.0,0,0.0,1.0,0,0.0,1.0,0,0.0,1.0,0,0.0,0.9096337697409821,0,0.0,1.0,0,0.0,1.0,0,0.0
455.0,1,0.0,0.0,10.49015066345262,0,0.0,1.0,0,0.0,0.5908302107627565,0,0.0,1.0,0,0.0,0.6392988068950617,0,0.0,1.0,0,0.0,1.0,0,0.0,1.0,0,0.0,1.0,0,0.0,1.0,0,0.0,1.0,0,0.0,1.0,0,0.0
460.0,3,0.0,0.0,8.91533814138396,0,0.0,0.9554615878175234,1,0.0,0.0,0,0.0,0.9837390078920514,1,0.0,0.4808827822338572,0,0.0,1.0,0,0.0,1.0,0,0.0,1.0,0,0.0,1.0,0,0.0,1.0,0,0.0,1.0,0,0.0,1.0,2,0.0
465.0,0,0.0,0.0,10.35779926219657,0,0.0,0.9111752087022803,0,0.0,0.7045642575602579,0,0.0,1.0,0,0.0,0.7974398646412025,0,0.0,1.0,0,0.0,1.0,0,0.0,1.0,0,0.0,1.0,0,0.0,1.0,0,0.0,1.0,0,0.0,1.0,0,0.0
470.0,1,2.0,0.11764705882352941,10.359831561749122,0,0.0,0.9886594184332936,0,0.0,0.13233305482964527,0,0.0,1.0,0,0.0,0.5306089017635145,0,0.0,1.0,0,0.0,1.0,0,0.0,1.0,0,0.0,1.0,0,0.0,1.0,0,0.0,1.0,0,0.0,1.0,0,0.0
475.0,1,7.0,0.5384615384615384,10.415575216607493,0,0.0,1.0,0,0.0,0.9141639995053445,0,0.0,1.0,0,0.0,0.8313538556260314,0,0.0,1.0,0,0.0,1.0,0,0.0,1.0,0,0.0,1.0,0,0.0,1.0,0,0.0,1.0,0,0.0,1.0,0,0.0
480.0,1,12.0,0.8571428571428571,10.44383578549109,0,0.0,0.9350863814788953,0,0.0,0.28869930706247177,0,0.0,1.0,0,0.0,0.2928178629815046,0,0.0,1.0,0,0.0,1.0,0,0.0,1.0,0,0.0,1.0,0,0.0,1.0,0,0.0,1.0,0,0.0,1.0,0,0.0
485.0,1,17.0,1.2142857142857142,9.27013731275286,0,0.0,1.0,0,0.0,0.9490344644225251,0,0.0,1.0,0,0.0,0.9229858764534947,0,0.0,1.0,0,0.0,1.0,0,0.0,1.0,0,0.0,1.0,0,0.0,1.0,0,0.0,1.0,0,0.0,1.0,0,0.0
490.0,1,22.0,1.375,10.594726067034525,0,0.0,0.9817294330500813,0,0.0,0.4340932989744476,0,0.0,1.0,0,0.0,0.46002906528734006,0,0.0,1.0,0,0.0,1.0,0,0.0,1.0,0,0.0,1.0,0,0.0,1.0,0,0.0,1.0,0,0.0,1.0,0,0.0
495.0,1,27.0,1.9285714285714286,11.046632741060325,0,0.0,1.0,0,0.0,1.0,0,0.0,0.9475431338768165,0,0.0,0.9540571452764582,0,0.0,1.0,0,0.0,1.0,0,0.0,1.0,0,0.0,1.0,0,0.0,1.0,0,0.0,1.0,0,0.0,1.0,0,0.0
500.0,1,32.0,2.1333333333333333,10.27233581191795,0,0.0,1.0,0,0.0,0.5585291842187101,0,0.0,1.0,0,0.0,0.6840146360240607,0,0.0,1.0,0,0.0,1.0,0,0.0,1.0,0,0.0,1.0,0,0.0,1.0,0,0.0,1.0,0,0.0,1.0,0,0.0
505.0,3,0.0,0.0,8.74833822738038,0,0.0,0.88297284697053,1,0.0,0.0,0,0.0,0.9099038374823154,1,0.0,0.4671807853011515,0,0.0,1.0,0,0.0,1.0,0,0.0,1.0,0,0.0,1.0,0,0.0,1.0,0,0.0,1.0,0,0.0,1.0,2,0.0
510.0,0,0.0,0.0,11.386088542738575,0,0.0,0.9832578183562455,0,0.0,0.6754287550607756,0,0.0,1.0,0,0.0,0.6901930479191076,0,0.0,1.0,0,0.0,1.0,0,0.0,1.0,0,0.0,1.0,0,0.0,1.0,0,0.0,1.0,0,0.0,1.0,0,0.0
515.0,0,0.0,0.0,9.629384393159874,0,0.0,0.9429771140718257,0,0.0,0.14578371398976586,0,0.0,1.0,0,0.0,0.5495444324655907,0,0.0,1.0,0,0.0,1.0,0,0.0,1.0,0,0.0,0.9303795894184544,0,0.0,1.0,0,0.0,1.0,0,0.0,1.0,0,0.0
520.0,1,0.0,0.0,10.786621978269897,0,0.0,1.0,0,0.0,0.9423145923182269,0,0.0,1.0,0,0.0,0.9547224152505037,0,0.0,1.0,0,0.0,1.0,0,0.0,1.0,0,0.0,1.0,0,0.0,1.0,0,0.0,1.0,0,0.0,1.0,0,0.0
525.0,0,0.0,0.0,10.388491201184038,0,0.0,0.7637815106431819,0,0.0,0.3061954707670615,0,0.0,1.0,0,0.0,0.6433346291301801,0,0.0,1.0,0,0.0,1.0,0,0.0,1.0,0,0.0,1.0,0,0.0,1.0,0,0.0,1.0,0,0.0,1.0,0,0.0
530.0,0,0.0,0.0,11.994902728888949,0,0.0,1.0,0,0.0,1.0,0,0.0,0.96920361455351,0,0.0,0.9418910680246327,0,0.0,1.0,0,0.0,1.0,0,0.0,1.0,0,0.0,0.9556836150644978,0,0.0,1.0,0,0.0,1.0,0,0.0,1.0,0,0.0
535.0,1,3.0,0.21428571428571427,8.6628623791871,0,0.0,1.0,0,0.0,0.38675820089177754,0,0.0,1.0,0,0.0,0.341397861193441,0,0.0,1.0,0,0.0,1.0,0,0.0,0.9838250455352393,0,0.0,1.0,0,0.0,1.0,0,0.0,1.0,0,0.0,1.0,0,0.0
540.0,0,0.0,0.0,11.7072599655799,0,0.0,0.9849708467672716,0,0.0,1.0,0,0.0,0.9685654516509734,0,0.0,0.992420621159356,0,0.0,1.0,0,0.0,1.0,0,0.0,1.0,0,0.0,1.0,0,0.0,1.0,0,0.0,1.0,0,0.0,1.0,0,0.0
545.0,1,5.0,0.2631578947368421,10.036315754500453,0,0.0,1.0,0,0.0,0.3791325408840576,0,0.0,1.0,0,0.0,0.4910138387706237,0,0.0,1.0,0,0.0,1.0,0,0.0,1.0,0,0.0,1.0,0,0.0,1.0,0,0.0,1.0,0,0.0,1.0,0,0.0
550.0,3,10.0,0.5555555555555556,10.648651400749904,0,0.0,0.9914908833550063,1,0.0,0.4187609599839717,0,0.0,0.9930651532450722,1,0.0,0.4831925099232268,0,0.0,1.0,0,0.0,1.0,0,0.0,0.9226208362322369,0,0.0,1.0,0,0.0,1.0,0,0.0,1.0,0,0.0,1.0,2,0.0
555.0,2,17.0,1.0625,10.011695629886466,0,0.0,0.9869324323748824,0,0.0,0.6470878031853069,0,0.0,1.0,0,0.0,0.6946158321594749,0,0.0,1.0,0,0.0,1.0,0,0.0,0.931956518228169,0,0.0,1.0,0,0.0,1.0,0,0.0,1.0,0,0.0,1.0,0,0.0
560.0,0,0.0,0.0,10.204169466934466,0,0.0,1.0,0,0.0,0.1678040512829476,0,0.0,1.0,0,0.0,0.5397908523246914,0,0.0,1.0,0,0.0,1.0,0,0.0,1.0,0,0.0,1.0,0,0.0,1.0,0,0.0,1.0,0,0.0,1.0,0,0.0
565.0,0,0.0,0.0,12.17602063712051,0,0.0,0.9772547665716104,0,0.0,0.7980205700735469,0,0.0,1.0,0,0.0,0.7025464735915227,0,0.0,1.0,0,0.0,1.0,0,0.0,1.0,0,0.0,1.0,0,0.0,1.0,0,0.0,1.0,0,0.0,1.0,0,0.0
570.0,0,0.0,0.0,10.958502156785325,0,0.0,1.0,0,0.0,0.2412331155628042,0,0.0,1.0,0,0.0,0.6150657893737643,0,0.0,1.0,0,0.0,1.0,0,0.0,1.0,0,0.0,1.0,0,0.0,1.0,0,0.0,1.0,0,0.0,1.0,0,0.0
575.0,0,0.0,0.0,11.934613245976383,0,0.0,0.9528661490534086,0,0.0,0.9399274190156006,0,0.0,1.0,0,0.0,0.9588226132589012,0,0.0,1.0,0,0.0,1.0,0,0.0,1.0,0,0.0,1.0,0,0.0,0.8835751615412892,0,0.0,1.0,0,0.0,1.0,0,0.0
580.0,0,0.0,0.0,11.488955894793284,0,0.0,0.963638308858485,0,0.0,0.4435096191464368,0,0.0,1.0,0,0.0,0.3796071751840248,0,0.0,1.0,0,0.0,1.0,0,0.0,1.0,0,0.0,1.0,0,0.0,1.0,0,0.0,1.0,0,0.0,1.0,0,0.0
585.0,1,0.0,0.0,10.970983897478067,0,0.0,1.0,0,0.0,1.0,0,0.0,0.9734197467838697,0,0.0,0.921403977776071,0,0.0,1.0,0,0.0,1.0,0,0.0,1.0,0,0.0,1.0,0,0.0,1.0,0,0.0,1.0,0,0.0,1.0,0,0.0
590.0,0,0.0,0.0,12.400848828384811,0,0.0,1.0,0,0.0,0.5717998211317242,0,0.0,1.0,0,0.0,0.5310039379767248,0,0.0,1.0,0,0.0,1.0,0,0.0,1.0,0,0.0,0.9268943985838612,0,0.0,1.0,0,0.0,1.0,0,0.0,1.0,0,0.0
595.0,4,1.0,0.07142857142857142,8.052241999011233,0,0.0,1.0,1,0.0,0.0,0,0.0,0.9641602998733175,1,0.0,0.49983239862879775,0,0.0,1.0,0,0.0,1.0,0,0.0,1.0,0,0.0,0.947588789987628,0,0.0,1.0,0,0.0,1.0,0,0.0,1.0,2,0.0
600.0,0,0.0,0.0,10.98354979302815,0,0.0,0.9868820921885144,0,0.0,0.6975427557818884,0,0.0,1.0,0,0.0,0.8573398948016521,0,0.0,1.0,0,0.0,1.0,0,0.0,0.9308667799213416,0,0.0,1.0,0,0.0,1.0,0,0.0,1.0,0,0.0,1.0,0,0.0
605.0,1,0.0,0.0,10.138207324273303,0,0.0,0.850036839958324,0,0.0,0.10750139146338022,0,0.0,0.9194489085480474,0,0.0,0.5281188954535779,0,0.0,1.0,0,0.0,1.0,0,0.0,1.0,0,0.0,1.0,0,0.0,1.0,0,0.0,1.0,0,0.0,1.0,0,0.0
610.0,0,0.0,0.0,12.234260181798733,0,0.0,1.0,0,0.0,0.8125470632500742,0,0.0,1.0,0,0.0,0.761362863811509,0,0.0,1.0,0,0.0,1.0,0,0.0,1.0,0,0.0,1.0,0,0.0,1.0,0,0.0,1.0,0,0.0,1.0,0,0.0
615.0,0,0.0,0.0,10.301985261962967,0,0.0,1.0,0,0.0,0.3001087970708094,0,0.0,1.0,0,0.0,0.56707194180955,0,0.0,1.0,0,0.0,1.0,0,0.0,1.0,0,0.0,0.9414530309655081,0,0.0,1.0,0,0.0,1.0,0,0.0,1.0,0,0.0
620.0,0,0.0,0.0,12.416486671756028,0,0.0,0.9325728872137753,0,0.0,0.9506387828856138,0,0.0,1.0,0,0.0,0.95166287555738,0,0.0,1.0,0,0.0,1.0,0,0.0,1.0,0,0.0,1.0,0,0.0,1.0,0,0.0,1.0,0,0.0,1.0,0,0.0
625.0,0,0.0,0.0,10.421183498381067,0,0.0,1.0,0,0.0,0.46604492142908704,0,0.0,1.0,0,0.0,0.7307658740657641,0,0.0,1.0,0,0.0,1.0,0,0.0,1.0,0,0.0,1.0,0,0.0,1.0,0,0.0,1.0,0,0.0,1.0,0,0.0
630.0,0,0.0,0.0,11.356260921341415,0,0.0,1.0,0,0.0,1.0,0,0.0,0.9767645491267547,0,0.0,0.9778296588248048,0,0.0,1.0,0,0.0,1.0,0,0.0,1.0,0,0.0,1.0,0,0.0,1.0,0,0.0,1.0,0,0.0,1.0,0,0.0
635.0,1,0.0,0.0,9.775050287854294,0,0.0,1.0,0,0.0,0.44758044551165044,0,0.0,1.0,0,0.0,0.6522419603014675,0,0.0,1.0,0,0.0,1.0,0,0.0,0.9643074994095122,0,0.0,1.0,0,0.0,1.0,0,0.0,1.0,0,0.0,1.0,0,0.0
640.0,3,0.0,0.0,9.823229885991102,0,0.0,0.9350016971548557,1,0.0,0.0,0,0.0,0.9646703750961294,1,0.0,0.4657672189030318,0,0.0,1.0,0,0.0,1.0,0,0.0,1.0,0,0.0,1.0,0,0.0,1.0,0,0.0,1.0,0,0.0,1.0,2,0.0
645.0,1,1.0,0.0625,10.312878170743106,0,0.0,0.7830805900737372,0,0.0,0.647129804537215,0,0.0,1.0,0,0.0,0.6323547760838224,0,0.0,1.0,0,0.0,1.0,0,0.0,1.0,0,0.0,0.9423690389074628,0,0.0,1.0,0,0.0,1.0,0,0.0,1.0,0,0.0
650.0,2,8.0,0.47058823529411764,9.284211003295415,0,0.0,0.9795021995108241,0,0.0,0.19956979758303875,0,0.0,0.9261630974658067,0,0.0,0.5667715158761784,0,0.0,1.0,0,0.0,1.0,0,0.0,0.9997066907852932,0,0.0,1.0,0,0.0,1.0,0,0.0,1.0,0,0.0,1.0,0,0.0
655.0,2,18.0,1.125,10.44707950101158,0,0.0,0.9150292684135721,0,0.0,0.9365416731055014,0,0.0,1.0,0,0.0,0.9246765068436922,0,0.0,1.0,0,0.0,1.0,0,0.0,1.0,0,0.0,1.0,0,0.0,1.0,0,0.0,1.0,0,0.0,1.0,0,0.0
660.0,1,16.0,1.0666666666666667,9.986615792879936,0,0.0,0.9991654528997611,0,0.0,0.1672907080220494,0,0.0,1.0,0,0.0,0.6552346652666245,0,0.0,1.0,0,0.0,1.0,0,0.0,0.9158070583778084,0,0.0,1.0,0,0.0,1.0,0,0.0,1.0,0,0.0,1.0,0,0.0
665.0,1,21.0,1.4,10.253541129473765,0,0.0,1.0,0,0.0,0.7584265183785883,0,0.0,1.0,0,0.0,0.9370980086616477,0,0.0,1.0,0,0.0,1.0,0,0.0,0.9148610200413959,0,0.0,1.0,0,0.0,1.0,0,0.0,1.0,0,0.0,1.0,0,0.0
670.0,0,0.0,0.0,10.080124758776144,0,0.0,0.8719475292217908,0,0.0,0.46627520211920426,0,0.0,1.0,0,0.0,0.4211153267626776,0,0.0,1.0,0,0.0,1.0,0,0.0,1.0,0,0.0,1.0,0,0.0,1.0,0,0.0,1.0,0,0.0,1.0,0,0.0
675.0,0,0.0,0.0,11.812902461369811,0,0.0,1.0,0,0.0,1.0,0,0.0,0.8991101567176321,0,0.0,0.9272350390152195,0,0.0,1.0,0,0.0,1.0,0,0.0,1.0,0,0.0,1.0,0,0.0,1.0,0,0.0,1.0,0,0.0,1.0,0,0.0
680.0,0,0.0,0.0,11.14388410504964,0,0.0,1.0,0,0.0,0.49345757759720754,0,0.0,1.0,0,0.0,0.4537592766689168,0,0.0,1.0,0,0.0,1.0,0,0.0,1.0,0,0.0,1.0,0,0.0,1.0,0,0.0,1.0,0,0.0,1.0,0,0.0
685.0,3,0.0,0.0,9.604591791837262,0,0.0,0.9903882971748931,1,0.0,0.0,0,0.0,0.9879489937972724,1,0.0,0.4718543546848498,0,0.0,1.0,0,0.0,1.0,0,0.0,1.0,0,0.0,1.0,0,0.0,1.0,0,0.0,1.0,0,0.0,1.0,2,0.0
690.0,0,0.0,0.0,11.409590724658868,0,0.0,0.7934517644513405,0,0.0,0.5599597539705747,0,0.0,1.0,0,0.0,0.7662703832629121,0,0.0,1.0,0,0.0,1.0,0,0.0,1.0,0,0.0,1.0,0,0.0,1.0,0,0.0,1.0,0,0.0,1.0,0,0.0
695.0,0,0.0,0.0,10.244821510173315,0,0.0,1.0,0,0.0,0.1608922722124706,0,0.0,0.9679133089227538,0,0.0,0.5495624299873983,0,0.0,1.0,0,0.0,1.0,0,0.0,1.0,0,0.0,0.9547596707336427,0,0.0,1.0,0,0.0,0.8618582706848052,0,0.0,1.0,0,0.0
700.0,1,0.0,0.0,10.353304382683424,0,0.0,1.0,0,0.0,0.8709654297747681,0,0.0,1.0,0,0.0,0.8092584635851615,0,0.0,1.0,0,0.0,1.0,0,0.0,0.9868805347463913,0,0.0,1.0,0,0.0,1.0,0,0.0,1.0,0,0.0,1.0,0,0.0
705.0,0,0.0,0.0,10.20609378189198,0,0.0,0.9658925956477724,0,0.0,0.26504602985947395,0,0.0,1.0,0,0.0,0.6026539609293879,0,0.0,1.0,0,0.0,1.0,0,0.0,1.0,0,0.0,1.0,0,0.0,1.0,0,0.0,1.0,0,0.0,1.0,0,0.0
710.0,0,0.0,0.0,12.472955755643428,0,0.0,1.0,0,0.0,0.9565341585908288,0,0.0,1.0,0,0.0,0.9564811864307724,0,0.0,1.0,0,0.0,1.0,0,0.0,1.0,0,0.0,1.0,0,0.0,1.0,0,0.0,1.0,0,0.0,1.0,0,0.0
715.0,0,0.0,0.0,10.425963850062447,0,0.0,1.0,0,0.0,0.4007537880157958,0,0.0,1.0,0,0.0,0.703112070693777,0,0.0,1.0,0,0.0,1.0,0,0.0,1.0,0,0.0,1.0,0,0.0,1.0,0,0.0,1.0,0,0.0,1.0,0,0.0
720.0,0,0.0,0.0,11.506291912179336,0,0.0,1.0,0,0.0,1.0,0,0.0,0.9508941073258741,0,0.0,0.9601833820816694,0,0.0,1.0,0,0.0,1.0,0,0.0,1.0,0,0.0,1.0,0,0.0,1.0,0,0.0,1.0,0,0.0,1.0,0,0.0
725.0,0,0.0,0.0,9.782871855499383,0,0.0,0.9709085870826655,0,0.0,0.4632656306501548,0,0.0,1.0,0,0.0,0.6625638457050006,0,0.0,1.0,0,0.0,1.0,0,0.0,0.9091418069526253,0,0.0,0.9262020929778944,0,0.0,1.0,0,0.0,1.0,0,0.0,1.0,0,0.0
730.0,2,0.0,0.0,10.89997988457964,0,0.0,0.9212939470259567,1,0.0,0.0,0,0.0,0.927166623512216,1,0.0,0.48970297473167523,0,0.0,1.0,0,0.0,1.0,0,0.0,1.0,0,0.0,1.0,0,0.0,1.0,0,0.0,1.0,0,0.0,1.0,2,0.0
735.0,1,1.0,0.0625,10.556800421123846,0,0.0,1.0,0,0.0,0.6057582759242398,0,0.0,1.0,0,0.0,0.7082366304174109,0,0.0,1.0,0,0.0,1.0,0,0.0,1.0,0,0.0,1.0,0,0.0,1.0,0,0.0,1.0,0,0.0,1.0,0,0.0
740.0,0,0.0,0.0,10.1601221234735,0,0.0,0.9785647757409354,0,0.0,0.15071597472721956,0,0.0,1.0,0,0.0,0.5646716949919142,0,0.0,1.0,0,0.0,1.0,0,0.0,1.0,0,0.0,0.9609171634960122,0,0.0,1.0,0,0.0,1.0,0,0.0,1.0,0,0.0
745.0,0,0.0,0.0,12.091096757771624,0,0.0,1.0,0,0.0,0.9880440842670368,0,0.0,1.0,0,0.0,0.7449340765926769,0,0.0,1.0,0,0.0,1.0,0,0.0,1.0,0,0.0,0.9773897955170312,0,0.0,1.0,0,0.0,0.8557764255726167,0,0.0,1.0,0,0.0
750.0,0,0.0,0.0,10.206957627042955,0,0.0,1.0,0,0.0,0.3286711490130766,0,0.0,1.0,0,0.0,0.664899484478007,0,0.0,1.0,0,0.0,1.0,0,0.0,1.0,0,0.0,1.0,0,0.0,1.0,0,0.0,1.0,0,0.0,1.0,0,0.0
755.0,0,0.0,0.0,11.112507148312456,0,0.0,0.8887523407708932,0,0.0,1.0,0,0.0,1.0,0,0.0,0.970782927111169,0,0.0,1.0,0,0.0,1.0,0,0.0,1.0,0,0.0,1.0,0,0.0,1.0,0,0.0,1.0,0,0.0,1.0,0,0.0
760.0,0,0.0,0.0,11.760750281012397,0,0.0,0.9685367530199606,0,0.0,0.3825405919902266,0,0.0,1.0,0,0.0,0.6908781764720949,0,0.0,1.0,0,0.0,1.0,0,0.0,1.0,0,0.0,1.0,0,0.0,1.0,0,0.0,1.0,0,0.0,1.0,0,0.0
765.0,1,0.0,0.0,10.663343575275265,0,0.0,1.0,0,0.0,1.0,0,0.0,0.9447028945009214,0,0.0,0.9665692468429617,0,0.0,1.0,0,0.0,1.0,0,0.0,1.0,0,0.0,1.0,0,0.0,1.0,0,0.0,1.0,0,0.0,1.0,0,0.0
770.0,0,0.0,0.0,10.94779611406191,0,0.0,1.0,0,0.0,0.5909867806921422,0,0.0,1.0,0,0.0,0.5812346370232422,0,0.0,1.0,0,0.0,1.0,0,0.0,0.9032871371948753,0,0.0,1.0,0,0.0,1.0,0,0.0,1.0,0,0.0,1.0,0,0.0
775.0,3,0.0,0.0,9.509176557352424,0,0.0,1.0,1,0.0,0.0,0,0.0,0.9433348937192512,1,0.0,0.4685419170001759,0,0.0,1.0,0,0.0,1.0,0,0.0,1.0,0,0.0,0.997327591414734,0,0.0,1.0,0,0.0,1.0,0,0.0,1.0,2,0.0
780.0,0,0.0,0.0,11.328874108760862,0,0.0,0.9651372702551594,0,0.0,0.6357942302823363,0,0.0,1.0,0,0.0,0.7535303691395645,0,0.0,1.0,0,0.0,1.0,0,0.0,0.9682235096120412,0,0.0,1.0,0,0.0,1.0,0,0.0,1.0,0,0.0,1.0,0,0.0
785.0,1,0.0,0.0,9.906779831988004,0,0.0,0.7193964343970322,0,0.0,0.09656353981401686,0,0.0,0.9427699910698082,0,0.0,0.5366904108739768,0,0.0,1.0,0,0.0,1.0,0,0.0,1.0,0,0.0,1.0,0,0.0,1.0,0,0.0,1.0,0,0.0,1.0,0,0.0
790.0,0,0.0,0.0,12.114482136221854,0,0.0,1.0,0,0.0,0.8632874498803061,0,0.0,1.0,0,0.0,0.9570032628375245,0,0.0,1.0,0,0.0,1.0,0,0.0,0.9428752628582531,0,0.0,1.0,0,0.0,1.0,0,0.0,1.0,0,0.0,1.0,0,0.0
795.0,1,3.0,0.21428571428571427,9.492684119795,0,0.0,1.0,0,0.0,0.3383141993902828,0,0.0,1.0,0,0.0,0.6328645260949708,0,0.0,1.0,0,0.0,1.0,0,0.0,1.0,0,0.0,1.0,0,0.0,1.0,0,0.0,1.0,0,0.0,1.0,0,0.0
800.0,1,8.0,0.6153846153846154,11.530240711967707,0,0.0,1.0,0,0.0,1.0,0,0.0,0.9598421429499312,0,0.0,0.9561908074219237,0,0.0,1.0,0,0.0,1.0,0,0.0,1.0,0,0.0,1.0,0,0.0,1.0,0,0.0,1.0,0,0.0,1.0,0,0.0
805.0,1,13.0,0.9285714285714286,10.313376623345686,0,0.0,0.9729709708573738,0,0.0,0.38619527285431227,0,0.0,1.0,0,0.0,0.3754360609947943,0,0.0,1.0,0,0.0,1.0,0,0.0,0.9883538400485182,0,0.0,1.0,0,0.0,1.0,0,0.0,1.0,0,0.0,1.0,0,0.0
810.0,1,18.0,1.3846153846153846,10.669938462348693,0,0.0,1.0,0,0.0,1.0,0,0.0,0.9798960303606666,0,0.0,0.9984674860070922,0,0.0,1.0,0,0.0,1.0,0,0.0,1.0,0,0.0,0.9227611794967943,0,0.0,1.0,0,0.0,1.0,0,0.0,1.0,0,0.0
815.0,2,23.0,1.4375,9.574589105979053,0,0.0,0.8811782764441167,0,0.0,0.5891428920778187,0,0.0,1.0,0,0.0,0.6914975015985995,0,0.0,1.0,0,0.0,1.0,0,0.0,0.9259030446511453,0,0.0,1.0,0,0.0,1.0,0,0.0,1.0,0,0.0,1.0,0,0.0
820.0,4,28.0,1.75,9.737412789624061,0,0.0,0.9231615486918809,1,0.0,0.0,0,0.0,0.9451322912571959,1,0.0,0.4901073730230078,0,0.0,1.0,0,0.0,1.0,0,0.0,1.0,0,0.0,1.0,0,0.0,1.0,0,0.0,1.0,0,0.0,1.0,2,0.0
825.0,1,33.0,2.2,9.561185473972175,0,0.0,1.0,0,0.0,0.7110396909791471,0,0.0,1.0,0,0.0,0.8048104551567523,0,0.0,1.0,0,0.0,1.0,0,0.0,0.9186557523474729,0,0.0,0.937200753065222,0,0.0,1.0,0,0.0,1.0,0,0.0,1.0,0,0.0
830.0,0,0.0,0.0,9.07961573048824,0,0.0,0.9646440971958155,0,0.0,0.11593503360153484,0,0.0,1.0,0,0.0,0.5379024617581177,0,0.0,1.0,0,0.0,1.0,0,0.0,1.0,0,0.0,1.0,0,0.0,1.0,0,0.0,1.0,0,0.0,1.0,0,0.0
835.0,0,0.0,0.0,12.145065156759026,0,0.0,0.9186298140935147,0,0.0,0.75888947219884,0,0.0,1.0,0,0.0,0.7751117082814034,0,0.0,1.0,0,0.0,1.0,0,0.0,1.0,0,0.0,1.0,0,0.0,1.0,0,0.0,1.0,0,0.0,1.0,0,0.0
840.0,0,0.0,0.0,11.051816305916283,0,0.0,1.0,0,0.0,0.22357927863652807,0,0.0,1.0,0,0.0,0.585042508104275,0,0.0,1.0,0,0.0,1.0,0,0.0,1.0,0,0.0,0.9058824561486551,0,0.0,1.0,0,0.0,1.0,0,0.0,1.0,0,0.0
845.0,0,0.0,0.0,10.932023200616563,0,0.0,1.0,0,0.0,0.9082441433964134,0,0.0,1.0,0,0.0,0.8378780599173362,0,0.0,1.0,0,0.0,1.0,0,0.0,1.0,0,0.0,1.0,0,0.0,1.0,0,0.0,1.0,0,0.0,1.0,0,0.0
850.0,0,0.0,0.0,11.423313892572889,0,0.0,1.0,0,0.0,0.38575097029098027,0,0.0,1.0,0,0.0,0.35466234568722405,0,0.0,1.0,0,0.0,1.0,0,0.0,0.9986903190037508,0,0.0,1.0,0,0.0,1.0,0,0.0,1.0,0,0.0,1.0,0,0.0
855.0,0,0.0,0.0,11.96685334463896,0,0.0,0.926361153596214,0,0.0,1.0,0,0.0,0.979415617889643,0,0.0,0.9594638766025444,0,0.0,1.0,0,0.0,1.0,0,0.0,1.0,0,0.0,1.0,0,0.0,1.0,0,0.0,1.0,0,0.0,1.0,0,0.0
860.0,0,0.0,0.0,11.842818509780392,0,0.0,0.9203539459088799,0,0.0,0.6346552165767577,0,0.0,1.0,0,0.0,0.7733726488972911,0,0.0,1.0,0,0.0,1.0,0,0.0,0.9393274955560814,0,0.0,1.0,0,0.0,1.0,0,0.0,1.0,0,0.0,1.0,0,0.0
865.0,3,0.0,0.0,10.050002469935578,0,0.0,0.9834689060742084,1,0.0,0.0,0,0.0,0.9684092580428962,1,0.0,0.4691276092024952,0,0.0,1.0,0,0.0,1.0,0,0.0,1.0,0,0.0,1.0,0,0.0,1.0,0,0.0,1.0,0,0.0,1.0,2,0.0
870.0,0,0.0,0.0,12.62035290612012,0,0.0,0.9354943309381812,0,0.0,0.5548066515544291,0,0.0,1.0,0,0.0,0.7070376041592528,0,0.0,1.0,0,0.0,1.0,0,0.0,0.9861556942558408,0,0.0,1.0,0,0.0,1.0,0,0.0,1.0,0,0.0,1.0,0,0.0
875.0,0,0.0,0.0,10.002477936501192,0,0.0,1.0,0,0.0,0.13275282128244095,0,0.0,1.0,0,0.0,0.5478120591437012,0,0.0,1.0,0,0.0,1.0,0,0.0,1.0,0,0.0,0.9341756672475504,0,0.0,1.0,0,0.0,1.0,0,0.0,1.0,0,0.0
880.0,1,0.0,0.0,11.363763776591476,0,0.0,1.0,0,0.0,0.945148286076663,0,0.0,1.0,0,0.0,0.8572119117793816,0,0.0,1.0,0,0.0,1.0,0,0.0,0.9482762492296001,0,0.0,1.0,0,0.0,0.9388196537450121,0,0.0,1.0,0,0.0,1.0,0,0.0
885.0,0,0.0,0.0,10.446441282057998,0,0.0,0.8234889037262736,0,0.0,0.3086463757101228,0,0.0,1.0,0,0.0,0.6075727261519547,0,0.0,1.0,0,0.0,1.0,0,0.0,1.0,0,0.0,1.0,0,0.0,1.0,0,0.0,1.0,0,0.0,1.0,0,0.0
890.0,0,0.0,0.0,10.882880927234599,0,0.0,1.0,0,0.0,1.0,0,0.0,1.0,0,0.0,0.9296501287952121,0,0.0,1.0,0,0.0,1.0,0,0.0,0.9129012140093972,0,0.0,0.9420188300757247,0,0.0,1.0,0,0.0,1.0,0,0.0,1.0,0,0.0
895.0,1,5.0,0.3333333333333333,9.00596193621803,0,0.0,1.0,0,0.0,0.42635650625052957,0,0.0,1.0,0,0.0,0.6447710125336779,0,0.0,1.0,0,0.0,1.0,0,0.0,1.0,0,0.0,1.0,0,0.0,1.0,0,0.0,1.0,0,0.0,1.0,0,0.0
900.0,1,10.0,0.7142857142857143,10.703504146442715,0,0.0,0.9387848318572202,0,0.0,1.0,0,0.0,0.9489127838162285,0,0.0,0.9273308192055494,0,0.0,1.0,0,0.0,1.0,0,0.0,0.9242686316931766,0,0.0,1.0,0,0.0,1.0,0,0.0,1.0,0,0.0,1.0,0,0.0
905.0,0,0.0,0.0,10.492846132365848,0,0.0,1.0,0,0.0,0.39953526320560223,0,0.0,1.0,0,0.0,0.4888895037677691,0,0.0,1.0,0,0.0,1.0,0,0.0,0.9695403496820895,0,0.0,0.9656611562552155,0,0.0,1.0,0,0.0,1.0,0,0.0,1.0,0,0.0
910.0,2,0.0,0.0,10.636103720359804,0,0.0,1.0,1,0.0,0.4735518618637761,0,0.0,0.9148560076717327,1,0.0,0.46792942843189955,0,0.0,1.0,0,0.0,1.0,0,0.0,1.0,0,0.0,1.0,0,0.0,1.0,0,0.0,1.0,0,0.0,1.0,2,0.0
915.0,1,2.0,0.13333333333333333,10.4210600290835,0,0.0,1.0,0,0.0,0.8488672866761762,0,0.0,1.0,0,0.0,0.6392310494399004,0,0.0,1.0,0,0.0,1.0,0,0.0,0.9131468944307917,0,0.0,1.0,0,0.0,1.0,0,0.0,1.0,0,0.0,1.0,0,0.0
920.0,0,0.0,0.0,9.835914645582896,0,0.0,0.9963772962740571,0,0.0,0.16913028320468826,0,0.0,1.0,0,0.0,0.527938389827558,0,0.0,1.0,0,0.0,1.0,0,0.0,1.0,0,0.0,1.0,0,0.0,1.0,0,0.0,1.0,0,0.0,1.0,0,0.0
925.0,0,0.0,0.0,11.022676985674325,0,0.0,0.9807741354541187,0,0.0,0.9814939665079565,0,0.0,1.0,0,0.0,0.8419030215727483,0,0.0,1.0,0,0.0,1.0,0,0.0,1.0,0,0.0,1.0,0,0.0,1.0,0,0.0,0.8452743782565497,0,0.0,1.0,0,0.0
930.0,0,0.0,0.0,10.282639097259999,0,0.0,0.9254864186285199,0,0.0,0.288712595864715,0,0.0,1.0,0,0.0,0.5583653702711534,0,0.0,1.0,0,0.0,1.0,0,0.0,1.0,0,0.0,1.0,0,0.0,1.0,0,0.0,1.0,0,0.0,1.0,0,0.0
935.0,0,0.0,0.0,10.785436367292034,0,0.0,1.0,0,0.0,1.0,0,0.0,1.0,0,0.0,0.7479525023636774,0,0.0,1.0,0,0.0,1.0,0,0.0,1.0,0,0.0,1.0,0,0.0,1.0,0,0.0,1.0,0,0.0,1.0,0,0.0
940.0,0,0.0,0.0,11.058915237650789,0,0.0,0.9152627502216452,0,0.0,0.34370267250986714,0,0.0,1.0,0,0.0,0.3668605074650185,0,0.0,1.0,0,0.0,1.0,0,0.0,1.0,0,0.0,1.0,0,0.0,1.0,0,0.0,1.0,0,0.0,1.0,0,0.0
945.0,1,0.0,0.0,10.364891572261861,0,0.0,1.0,0,0.0,1.0,0,0.0,0.9743696200026133,0,0.0,0.9399000505664487,0,0.0,1.0,0,0.0,1.0,0,0.0,1.0,0,0.0,1.0,0,0.0,1.0,0,0.0,1.0,0,0.0,1.0,0,0.0
950.0,0,0.0,0.0,12.025455373781124,0,0.0,1.0,0,0.0,0.6541392278100109,0,0.0,1.0,0,0.0,0.4908099292580026,0,0.0,1.0,0,0.0,1.0,0,0.0,0.9168082892619723,0,0.0,1.0,0,0.0,1.0,0,0.0,1.0,0,0.0,1.0,0,0.0
955.0,4,2.0,0.13333333333333333,9.40364116996222,0,0.0,1.0,1,0.0,0.0,0,0.0,0.9934153936646435,1,0.0,0.46922120477484325,0,0.0,1.0,0,0.0,1.0,0,0.0,1.0,0,0.0,0.9391545745714247,0,0.0,1.0,0,0.0,1.0,0,0.0,1.0,2,0.0
960.0,0,0.0,0.0,11.012238172008894,0,0.0,0.8968037204590241,0,0.0,0.6089591736655774,0,0.0,1.0,0,0.0,0.6596533953870957,0,0.0,1.0,0,0.0,1.0,0,0.0,1.0,0,0.0,1.0,0,0.0,1.0,0,0.0,1.0,0,0.0,1.0,0,0.0
965.0,1,0.0,0.0,10.247480752014619,0,0.0,0.8563190892831588,0,0.0,0.1413369246079458,0,0.0,1.0,0,0.0,0.5177238754855518,0,0.0,1.0,0,0.0,1.0,0,0.0,0.9502330903133916,0,0.0,1.0,0,0.0,1.0,0,0.0,1.0,0,0.0,1.0,0,0.0
970.0,0,0.0,0.0,12.473380411122058,0,0.0,1.0,0,0.0,0.7519027359541843,0,0.0,1.0,0,0.0,0.9294266160333599,0,0.0,1.0,0,0.0,1.0,0,0.0,0.986634308202764,0,0.0,1.0,0,0.0,1.0,0,0.0,1.0,0,0.0,1.0,0,0.0
975.0,1,3.0,0.23076923076923078,8.052117400759693,0,0.0,1.0,0,0.0,0.292348883741396,0,0.0,1.0,0,0.0,0.5942079160192391,0,0.0,1.0,0,0.0,1.0,0,0.0,0.9686799539451951,0,0.0,0.9636154542430917,0,0.0,1.0,0,0.0,1.0,0,0.0,1.0,0,0.0
980.0,1,8.0,0.6153846153846154,11.714229497150844,0,0.0,0.8831493960995265,0,0.0,0.9409887879107764,0,0.0,1.0,0,0.0,0.9636119814680908,0,0.0,1.0,0,0.0,1.0,0,0.0,1.0,0,0.0,1.0,0,0.0,1.0,0,0.0,1.0,0,0.0,1.0,0,0.0
985.0,1,13.0,0.9285714285714286,10.280544091727695,0,0.0,1.0,0,0.0,0.5325543943915914,0,0.0,1.0,0,0.0,0.31083495689547963,0,0.0,1.0,0,0.0,1.0,0,0.0,1.0,0,0.0,0.9374088369633091,0,0.0,1.0,0,0.0,1.0,0,0.0,1.0,0,0.0
990.0,1,18.0,1.5,10.522917174032512,0,0.0,1.0,0,0.0,1.0,0,0.0,0.9657139996010148,0,0.0,0.9320857018217625,0,0.0,1.0,0,0.0,1.0,0,0.0,1.0,0,0.0,1.0,0,0.0,1.0,0,0.0,1.0,0,0.0,1.0,0,0.0
995.0,2,23.0,1.4375,10.167490285904908,0,0.0,1.0,0,0.0,0.5491508999522047,0,0.0,1.0,0,0.0,0.5164869346247153,0,0.0,1.0,0,0.0,1.0,0,0.0,1.0,0,0.0,1.0,0,0.0,1.0,0,0.0,1.0,0,0.0,1.0,0,0.0
1000.0,4,28.0,1.5555555555555556,9.512276333504433,0,0.0,0.9115613782815358,1,0.0,0.0,0,0.0,0.932375532519286,1,0.0,0.46619396055352313,0,0.0,1.0,0,0.0,1.0,0,0.0,1.0,0,0.0,1.0,0,0.0,1.0,0,0.0,1.0,0,0.0,1.0,2,0.0
1005.0,2,34.0,2.125,10.155518964335467,0,0.0,1.0,0,0.0,0.7224347596653989,0,0.0,1.0,0,0.0,0.7275320477089657,0,0.0,1.0,0,0.0,1.0,0,0.0,1.0,0,0.0,0.9497182308681044,0,0.0,1.0,0,0.0,1.0,0,0.0,1.0,0,0.0
1010.0,2,44.0,2.75,8.301571824639346,0,0.0,0.912872843549308,0,0.0,0.14971556413673862,0,0.0,1.0,0,0.0,0.5272662165310812,0,0.0,1.0,0,0.0,1.0,0,0.0,0.9318148882457021,0,0.0,0.9216706384422975,0,0.0,1.0,0,0.0,1.0,0,0.0,1.0,0,0.0
1015.0,3,59.0,3.933333333333333,9.67446989550255,0,0.0,0.7531672329368191,0,0.0,0.8910965161811923,0,0.0,1.0,0,0.0,0.7995304682631008,0,0.0,1.0,0,0.0,1.0,0,0.0,1.0,0,0.0,1.0,0,0.0,1.0,0,0.0,1.0,0,0.0,1.0,0,0.0
1020.0,1,16.0,1.0666666666666667,9.970778878801491,0,0.0,1.0,0,0.0,0.3131441623279563,0,0.0,1.0,0,0.0,0.6539160211307581,0,0.0,1.0,0,0.0,1.0,0,0.0,1.0,0,0.0,1.0,0,0.0,1.0,0,0.0,1.0,0,0.0,1.0,0,0.0
1025.0,1,21.0,1.4,9.615078591314335,0,0.0,1.0,0,0.0,1.0,0,0.0,1.0,0,0.0,0.99769774348273,0,0.0,1.0,0,0.0,1.0,0,0.0,1.0,0,0.0,1.0,0,0.0,0.9027981890231194,0,0.0,0.8932133974159906,0,0.0,1.0,0,0.0
1030.0,0,0.0,0.0,10.384088469302146,0,0.0,0.8209476781866184,0,0.0,0.3373605063039462,0,0.0,1.0,0,0.0,0.7416059312041914,0,0.0,1.0,0,0.0,1.0,0,0.0,1.0,0,0.0,1.0,0,0.0,1.0,0,0.0,1.0,0,0.0,1.0,0,0.0
1035.0,0,0.0,0.0,11.975941879787745,0,0.0,1.0,0,0.0,1.0,0,0.0,0.8658787680443923,0,0.0,0.9281255777388872,0,0.0,1.0,0,0.0,1.0,0,0.0,1.0,0,0.0,1.0,0,0.0,1.0,0,0.0,1.0,0,0.0,1.0,0,0.0
1040.0,0,0.0,0.0,10.692804371921172,0,0.0,0.9289062132698152,0,0.0,0.5526516218727154,0,0.0,1.0,0,0.0,0.6080022850692545,0,0.0,1.0,0,0.0,1.0,0,0.0,0.9470284434498302,0,0.0,1.0,0,0.0,1.0,0,0.0,1.0,0,0.0,1.0,0,0.0
1045.0,3,0.0,0.0,10.071614240037725,0,0.0,0.9750480143726908,1,0.0,0.0,0,0.0,0.9775092740195039,1,0.0,0.49451866011914597,0,0.0,1.0,0,0.0,1.0,0,0.0,1.0,0,0.0,1.0,0,0.0,1.0,0,0.0,1.0,0,0.0,1.0,2,0.0
1050.0,0,0.0,0.0,11.953387629238557,0,0.0,1.0,0,0.0,0.6567221733070879,0,0.0,1.0,0,0.0,0.6876887005300593,0,0.0,1.0,0,0.0,1.0,0,0.0,1.0,0,0.0,1.0,0,0.0,1.0,0,0.0,1.0,0,0.0,1.0,0,0.0
1055.0,0,0.0,0.0,9.647207304573865,0,0.0,0.9687217051708683,0,0.0,0.1305835611560688,0,0.0,1.0,0,0.0,0.5338901855967397,0,0.0,1.0,0,0.0,1.0,0,0.0,1.0,0,0.0,0.9187565329986878,0,0.0,1.0,0,0.0,1.0,0,0.0,1.0,0,0.0
1060.0,1,0.0,0.0,10.584342823093921,0,0.0,1.0,0,0.0,0.8934921118060479,0,0.0,1.0,0,0.0,0.7427561192924188,0,0.0,1.0,0,0.0,1.0,0,0.0,1.0,0,0.0,1.0,0,0.0,1.0,0,0.0,1.0,0,0.0,1.0,0,0.0
1065.0,0,0.0,0.0,10.229960241963713,0,0.0,1.0,0,0.0,0.2034787992512927,0,0.0,1.0,0,0.0,0.23769238264387915,0,0.0,1.0,0,0.0,1.0,0,0.0,1.0,0,0.0,1.0,0,0.0,1.0,0,0.0,1.0,0,0.0,1.0,0,0.0
1070.0,0,0.0,0.0,13.007769677642752,0,0.0,0.9044770264011633,0,0.0,0.8024444621399639,0,0.0,1.0,0,0.0,0.9126511218248344,0,0.0,1.0,0,0.0,1.0,0,0.0,0.969018463766324,0,0.0,0.9551310409188428,0,0.0,1.0,0,0.0,1.0,0,0.0,1.0,0,0.0
1075.0,0,0.0,0.0,11.142862125428053,0,0.0,1.0,0,0.0,0.5632679766680931,0,0.0,1.0,0,0.0,0.6798715214025346,0,0.0,1.0,0,0.0,1.0,0,0.0,1.0,0,0.0,1.0,0,0.0,1.0,0,0.0,1.0,0,0.0,1.0,0,0.0
1080.0,0,0.0,0.0,11.30595460598471,0,0.0,0.8589392109584904,0,0.0,1.0,0,0.0,0.9031957031877763,0,0.0,0.9327129387219424,0,0.0,1.0,0,0.0,1.0,0,0.0,1.0,0,0.0,1.0,0,0.0,1.0,0,0.0,1.0,0,0.0,1.0,0,0.0
1085.0,0,0.0,0.0,10.549639577084491,0,0.0,1.0,0,0.0,0.562773454178732,0,0.0,1.0,0,0.0,0.5596142625769237,0,0.0,1.0,0,0.0,1.0,0,0.0,0.9394462455601664,0,0.0,0.9757809691547532,0,0.0,1.0,0,0.0,1.0,0,0.0,1.0,0,0.0
1090.0,2,0.0,0.0,10.83532159888664,0,0.0,0.9897713559833182,1,0.0,0.0,0,0.0,0.9984611236345438,1,0.0,0.46643143404465637,0,0.0,1.0,0,0.0,1.0,0,1.0,0.7995827992149118,0,0.0,1.0,0,0.0,1.0,0,0.0,1.0,0,0.0,1.0,2,1.0
1095.0,1,3.0,0.2,10.974541455234345,0,0.0,1.0,0,0.0,0.7024185488688636,0,0.0,1.0,0,0.0,0.8400243338342811,0,0.0,1.0,0,0.0,1.0,0,0.0,1.0,0,0.0,1.0,0,0.0,1.0,0,0.0,1.0,0,0.0,1.0,0,0.0
1100.0,0,0.0,0.0,9.572940428708566,0,0.0,0.9917709766140241,0,0.0,0.10965954411049238,0,0.0,1.0,0,0.0,0.5729915333964463,0,0.0,1.0,0,0.0,1.0,0,0.0,1.0,0,0.0,1.0,0,0.0,1.0,0,0.0,1.0,0,0.0,1.0,0,0.0
1105.0,0,0.0,0.0,11.203919129496136,0,0.0,0.977754239319459,0,0.0,0.7185156918337426,0,0.0,1.0,0,0.0,0.6850622952943889,0,0.0,1.0,0,0.0,1.0,0,0.0,1.0,0,0.0,1.0,0,0.0,1.0,0,0.0,1.0,0,0.0,1.0,0,0.0
1110.0,1,1.0,0.06666666666666667,10.21275485231479,0,0.0,0.9815124851913594,0,0.0,0.22619231272614565,0,0.0,1.0,0,0.0,0.6242365062522703,0,0.0,1.0,0,0.0,1.0,0,0.0,1.0,0,0.0,1.0,0,0.0,1.0,0,0.0,1.0,0,0.0,1.0,0,0.0
1115.0,0,0.0,0.0,10.81693408417989,0,0.0,1.0,0,0.0,1.0,0,0.0,1.0,0,0.0,0.928216052295939,0,0.0,1.0,0,0.0,1.0,0,0.0,1.0,0,0.0,1.0,0,0.0,1.0,0,0.0,1.0,0,0.0,1.0,0,0.0
1120.0,1,3.0,0.21428571428571427,10.50576034276263,0,0.0,0.9862340973396981,0,0.0,0.452315865533803,0,0.0,1.0,0,0.0,0.6587757532689391,0,0.0,1.0,0,0.0,1.0,0,0.0,1.0,0,0.0,1.0,0,0.0,1.0,0,0.0,1.0,0,0.0,1.0,0,0.0
1125.0,2,8.0,0.6153846153846154,9.676575060660902,0,0.0,1.0,0,0.0,1.0,0,0.0,1.0,0,0.0,0.9286664524671182,0,0.0,1.0,0,0.0,1.0,0,0.0,1.0,0,0.0,1.0,0,0.0,1.0,0,0.0,1.0,0,0.0,1.0,0,0.0
1130.0,1,13.0,1.0,10.633873780186166,0,0.0,1.0,0,0.0,0.6454501297275483,0,0.0,1.0,0,0.0,0.4754927872508347,0,0.0,1.0,0,0.0,1.0,0,0.0,1.0,0,0.0,1.0,0,0.0,1.0,0,0.0,1.0,0,0.0,1.0,0,0.0
1135.0,4,18.0,1.2,8.830318105837314,0,0.0,1.0,1,0.0,0.0,0,0.0,0.9839360847756246,1,0.0,0.4801074764941338,0,0.0,1.0,0,0.0,1.0,0,0.0,1.0,0,0.0,0.9290073492118534,0,0.0,1.0,0,0.0,1.0,0,0.0,1.0,2,0.0
1140.0,1,23.0,1.5333333333333334,10.089260920682296,0,0.0,0.8980446806956286,0,0.0,0.6771417512363359,0,0.0,1.0,0,0.0,0.7147111800828294,0,0.0,1.0,0,0.0,1.0,0,0.0,1.0,0,0.0,1.0,0,0.0,1.0,0,0.0,1.0,0,0.0,1.0,0,0.0
1145.0,2,28.0,1.6470588235294117,8.71130364639941,0,0.0,1.0,0,0.0,0.14891969066756836,0,0.0,1.0,0,0.0,0.5099771963183541,0,0.0,1.0,0,0.0,1.0,0,0.0,1.0,0,0.0,1.0,0,0.0,1.0,0,0.0,1.0,0,0.0,1.0,0,0.0
1150.0,1,33.0,2.2,10.826266799917683,0,0.0,0.9903785182308432,0,0.0,0.9438123392026954,0,0.0,1.0,0,0.0,0.7646442444047561,0,0.0,1.0,0,0.0,1.0,0,0.0,0.9039438374856386,0,0.0,0.9655717668814656,0,0.0,1.0,0,0.0,1.0,0,0.0,1.0,0,0.0
1155.0,2,39.0,2.2941176470588234,9.439207340421463,0,0.0,1.0,0,0.0,0.30669279260602317,0,0.0,1.0,0,0.0,0.6269140207694353,0,0.0,1.0,0,0.0,1.0,0,0.0,0.9230418602040482,0,0.0,0.9771004796428696,0,0.0,1.0,0,0.0,0.8838431893700296,0,0.0,1.0,0,0.0
1160.0,0,0.0,0.0,11.635636762645001,0,0.0,1.0,0,0.0,1.0,0,0.0,1.0,0,0.0,0.9439376497872993,0,0.0,1.0,0,0.0,1.0,0,0.0,1.0,0,0.0,1.0,0,0.0,1.0,0,0.0,1.0,0,0.0,1.0,0,0.0
1165.0,0,0.0,0.0,11.204963779454493,0,0.0,0.9557770719541822,0,0.0,0.40778925422813356,0,0.0,1.0,0,0.0,0.45266149646629256,0,0.0,1.0,0,0.0,1.0,0,0.0,1.0,0,0.0,1.0,0,0.0,1.0,0,0.0,1.0,0,0.0,1.0,0,0.0
1170.0,1,1.0,0.08333333333333333,10.802473761105718,0,0.0,1.0,0,0.0,1.0,0,0.0,0.9699735511273886,0,0.0,0.9639041800287035,0,0.0,1.0,0,0.0,1.0,0,0.0,1.0,0,0.0,1.0,0,0.0,1.0,0,0.0,1.0,0,0.0,1.0,0,0.0
1175.0,1,0.0,0.0,9.807544059158692,0,0.0,0.9541339854353679,0,0.0,0.5657847095963268,0,0.0,1.0,0,0.0,0.5423285353440906,0,0.0,1.0,0,0.0,1.0,0,0.0,1.0,0,0.0,1.0,0,0.0,1.0,0,0.0,1.0,0,0.0,1.0,0,0.0
1180.0,3,0.0,0.0,10.394414997340325,0,0.0,0.873843536245993,1,0.0,0.0,0,0.0,0.9364637903670501,1,0.0,0.46585984935407987,0,0.0,1.0,0,0.0,1.0,0,0.0,1.0,0,0.0,1.0,0,0.0,1.0,0,0.0,1.0,0,0.0,1.0,2,0.0
1185.0,1,2.0,0.13333333333333333,9.965936288460448,0,0.0,1.0,0,0.0,0.8075465968211686,0,0.0,1.0,0,0.0,0.5496669368131475,0,0.0,1.0,0,0.0,1.0,0,0.0,1.0,0,0.0,0.941162521079687,0,0.0,1.0,0,0.0,1.0,0,0.0,1.0,0,0.0
1190.0,3,13.0,0.8666666666666667,7.983860541707766,0,0.0,0.9387417872288759,0,0.0,0.09690261454451889,0,0.0,0.9182131897877505,0,0.0,0.5158379390391543,0,0.0,1.0,0,0.0,1.0,0,0.0,1.0,0,0.0,0.9668962890228986,0,0.0,1.0,0,0.0,1.0,0,0.0,1.0,0,0.0
1195.0,3,28.0,1.8666666666666667,9.451917603609575,0,0.0,0.936561518322698,0,0.0,0.8486803643185304,0,0.0,1.0,0,0.0,0.8683818935952056,0,0.0,1.0,0,0.0,1.0,0,0.0,0.9342570290060586,0,0.0,1.0,0,0.0,1.0,0,0.0,1.0,0,0.0,1.0,0,0.0
1200.0,2,30.0,1.875,8.85072946042962,0,0.0,1.0,0,0.0,0.2839446105379112,0,0.0,1.0,0,0.0,0.6318956100596531,0,0.0,1.0,0,0.0,1.0,0,0.0,0.9506446828914304,0,0.0,1.0,0,0.0,1.0,0,0.0,1.0,0,12.0,0.511221852488489,0,12.0
1205.0,0,0.0,0.0,9.734492631587475,0,0.0,1.0,0,0.0,1.0,0,0.0,1.0,0,0.0,0.9225306444937063,0,0.0,1.0,0,0.0,1.0,0,0.0,1.0,0,0.0,1.0,0,0.0,1.0,0,0.0,1.0,0,0.0,1.0,0,0.0
1210.0,0,0.0,0.0,11.3807844090286,0,0.0,0.9947372835537134,0,0.0,0.4474104887074925,0,0.0,1.0,0,0.0,0.5228353459697235,0,0.0,1.0,0,0.0,1.0,0,0.0,1.0,0,0.0,1.0,0,0.0,1.0,0,0.0,1.0,0,0.0,1.0,0,0.0
1215.0,0,0.0,0.0,11.994679778362999,0,0.0,1.0,0,0.0,1.0,0,0.0,0.9389483830586604,0,0.0,0.9638453707071797,0,0.0,1.0,0,0.0,1.0,0,0.0,1.0,0,0.0,0.9691933936460347,0,0.0,1.0,0,0.0,1.0,0,0.0,1.0,0,0.0
1220.0,0,0.0,0.0,11.5102997722528,0,0.0,0.9017725460157026,0,0.0,0.5545463066587617,0,0.0,1.0,0,0.0,0.4785487752187997,0,0.0,1.0,0,0.0,1.0,0,0.0,1.0,0,0.0,1.0,0,0.0,1.0,0,0.0,1.0,0,0.0,1.0,0,0.0
1225.0,4,1.0,0.058823529411764705,9.860437552211822,0,0.0,1.0,1,0.0,0.0,0,0.0,0.9181858475483266,1,0.0,0.49272938135450056,0,0.0,1.0,0,0.0,1.0,0,0.0,1.0,0,0.0,1.0,0,0.0,1.0,0,0.0,1.0,0,0.0,1.0,2,0.0
1230.0,1,6.0,0.46153846153846156,10.462431158536788,0,0.0,0.9593555190074935,0,0.0,0.6195297422385732,0,0.0,1.0,0,0.0,0.7974740228676215,0,0.0,1.0,0,0.0,1.0,0,0.0,1.0,0,0.0,1.0,0,0.0,1.0,0,0.0,1.0,0,0.0,1.0,0,0.0
1235.0,0,0.0,0.0,9.862880104073627,0,0.0,0.9366212888786853,0,0.0,0.17592196831021878,0,0.0,1.0,0,0.0,0.5437688373794389,0,0.0,1.0,0,0.0,1.0,0,0.0,1.0,0,0.0,1.0,0,0.0,1.0,0,0.0,1.0,0,0.0,1.0,0,0.0
1240.0,1,0.0,0.0,11.029602999389835,0,0.0,1.0,0,0.0,0.9220179860552526,0,0.0,1.0,0,0.0,0.792304325724473,0,0.0,1.0,0,0.0,1.0,0,0.0,1.0,0,0.0,1.0,0,0.0,0.9858590994360656,0,0.0,1.0,0,0.0,1.0,0,0.0
1245.0,0,0.0,0.0,10.365992080656428,0,0.0,0.9506347868268791,0,0.0,0.32250559904387127,0,0.0,1.0,0,0.0,0.6058606287673984,0,0.0,1.0,0,0.0,1.0,0,0.0,1.0,0,0.0,1.0,0,0.0,1.0,0,0.0,1.0,0,0.0,1.0,0,0.0
1250.0,0,0.0,0.0,11.644815266088019,0,0.0,1.0,0,0.0,0.971320336375147,0,0.0,1.0,0,0.0,0.9649423759548007,0,0.0,1.0,0,0.0,1.0,0,0.0,1.0,0,0.0,0.9199521777433708,0,0.0,1.0,0,0.0,1.0,0,0.0,1.0,0,0.0
1255.0,0,0.0,0.0,10.39616391955243,0,0.0,1.0,0,0.0,0.3995584969950295,0,0.0,1.0,0,0.0,0.7210716819331666,0,0.0,1.0,0,0.0,1.0,0,0.0,1.0,0,0.0,1.0,0,0.0,1.0,0,0.0,1.0,0,0.0,1.0,0,0.0
1260.0,0,0.0,0.0,11.404606170357152,0,0.0,0.9315075579355738,0,0.0,1.0,0,0.0,0.951435915125238,0,0.0,0.9231537413454438,0,0.0,1.0,0,0.0,1.0,0,0.0,1.0,0,0.0,1.0,0,0.0,1.0,0,0.0,1.0,0,0.0,1.0,0,0.0
1265.0,1,5.0,0.29411764705882354,9.678801884055213,0,0.0,1.0,0,0.0,0.37760413663086456,0,0.0,1.0,0,0.0,0.7608969081494354,0,0.0,1.0,0,0.0,1.0,0,0.0,0.9608116735344014,0,0.0,1.0,0,0.0,1.0,0,0.0,1.0,0,0.0,1.0,0,0.0
1270.0,3,10.0,0.5555555555555556,9.527928920244308,0,0.0,0.9656147224000303,1,0.0,0.4682286241802807,0,0.0,0.9801572621143865,1,0.0,0.46033107971783915,0,0.0,1.0,0,0.0,1.0,0,0.0,0.922682652863427,0,0.0,1.0,0,0.0,1.0,0,0.0,1.0,0,0.0,1.0,2,0.0
1275.0,2,17.0,1.0,10.110145290025875,0,0.0,0.9156313988214663,0,0.0,0.7050689596799827,0,0.0,1.0,0,0.0,0.6320032687403978,0,0.0,1.0,0,0.0,1.0,0,0.0,1.0,0,0.0,1.0,0,0.0,1.0,0,0.0,1.0,0,0.0,1.0,0,0.0
1280.0,2,27.0,1.5,9.326910954685257,0,0.0,0.9674901423043419,0,0.0,0.19816730311135453,0,0.0,1.0,0,0.0,0.5553338409311782,0,0.0,1.0,0,0.0,1.0,0,0.0,1.0,0,0.0,1.0,0,0.0,1.0,0,0.0,1.0,0,0.0,1.0,0,0.0
1285.0,0,0.0,0.0,10.775186981157626,0,0.0,0.9720185655754987,0,0.0,0.9263224167341474,0,0.0,1.0,0,0.0,0.7326934973931607,0,0.0,1.0,0,0.0,1.0,0,0.0,1.0,0,0.0,1.0,0,0.0,1.0,0,0.0,1.0,0,0.0,1.0,0,0.0
1290.0,0,0.0,0.0,10.928219866317907,0,0.0,0.9651785218781488,0,0.0,0.35375029832050114,0,0.0,1.0,0,0.0,0.6097314305296311,0,0.0,1.0,0,0.0,1.0,0,0.0,0.9491122786146723,0,0.0,1.0,0,0.0,1.0,0,0.0,1.0,0,0.0,1.0,0,0.0
1295.0,0,0.0,0.0,11.0308795807376,0,0.0,1.0,0,0.0,0.9293090442093965,0,0.0,1.0,0,0.0,0.8853185261755477,0,0.0,1.0,0,0.0,1.0,0,0.0,1.0,0,0.0,1.0,0,0.0,1.0,0,0.0,0.795880406145681,0,0.0,1.0,0,0.0
1300.0,0,0.0,0.0,10.677265705337634,0,0.0,0.9950550180567841,0,0.0,0.4530113429256042,0,0.0,1.0,0,0.0,0.444117866636506,0,0.0,1.0,0,0.0,1.0,0,0.0,1.0,0,0.0,1.0,0,0.0,1.0,0,0.0,1.0,0,0.0,1.0,0,0.0
1305.0,1,0.0,0.0,11.486490317940902,0,0.0,1.0,0,0.0,1.0,0,0.0,0.9440600008453153,0,0.0,0.9241533909030973,0,0.0,1.0,0,0.0,1.0,0,0.0,1.0,0,0.0,1.0,0,0.0,1.0,0,0.0,1.0,0,0.0,1.0,0,0.0
1310.0,0,0.0,0.0,11.12841071625473,0,0.0,1.0,0,0.0,0.5256621802987284,0,0.0,1.0,0,0.0,0.5585851326494474,0,0.0,1.0,0,0.0,1.0,0,0.0,1.0,0,0.0,1.0,0,0.0,1.0,0,0.0,1.0,0,0.0,1.0,0,0.0
1315.0,3,0.0,0.0,9.225452117224258,0,0.0,1.0,1,0.0,0.0,0,0.0,0.9034386391712345,1,0.0,0.48273218748520613,0,0.0,1.0,0,0.0,1.0,0,0.0,1.0,0,0.0,1.0,0,0.0,1.0,0,0.0,1.0,0,0.0,1.0,2,0.0
1320.0,0,0.0,0.0,11.089414984810498,0,0.0,0.9576954061212477,0,0.0,0.7109958228713049,0,0.0,1.0,0,0.0,0.6458091630225663,0,0.0,1.0,0,0.0,1.0,0,0.0,1.0,0,0.0,0.9370253456214525,0,0.0,1.0,0,0.0,1.0,0,0.0,1.0,0,0.0
1325.0,1,0.0,0.0,9.169203497374228,0,0.0,1.0,0,0.0,0.09259633491938746,0,0.0,1.0,0,0.0,0.5667518548052377,0,0.0,1.0,0,0.0,1.0,0,0.0,1.0,0,0.0,1.0,0,0.0,1.0,0,0.0,1.0,0,0.0,1.0,0,0.0
1330.0,0,0.0,0.0,11.004453879315005,0,0.0,0.9809925794456003,0,0.0,0.671299223318495,0,0.0,1.0,0,0.0,0.9313513483987934,0,0.0,1.0,0,0.0,1.0,0,0.0,0.9580680240395212,0,0.0,0.9429159804522889,0,0.0,1.0,0,0.0,1.0,0,0.0,1.0,0,0.0
1335.0,1,2.0,0.13333333333333333,9.40072935028783,0,0.0,1.0,0,0.0,0.22846864504569428,0,0.0,1.0,0,0.0,0.6419144510177259,0,0.0,1.0,0,0.0,1.0,0,0.0,0.9184137891867042,0,0.0,1.0,0,0.0,1.0,0,0.0,0.8387484895263331,0,0.0,1.0,0,0.0
1340.0,1,7.0,0.5384615384615384,11.47686768615889,0,0.0,0.9080684581927168,0,0.0,0.9033901763314872,0,0.0,1.0,0,0.0,0.985942976076113,0,0.0,1.0,0,0.0,1.0,0,0.0,1.0,0,0.0,1.0,0,0.0,1.0,0,0.0,1.0,0,0.0,1.0,0,0.0
1345.0,1,12.0,0.8571428571428571,9.207371416138637,0,0.0,1.0,0,0.0,0.2904390051213436,0,0.0,1.0,0,0.0,0.669943931394774,0,0.0,1.0,0,0.0,1.0,0,0.0,1.0,0,0.0,0.9816227132201097,0,0.0,1.0,0,0.0,1.0,0,0.0,1.0,0,0.0
1350.0,0,0.0,0.0,9.994842840447964,0,0.0,1.0,0,0.0,1.0,0,0.0,1.0,0,0.0,0.9146530716019218,0,0.0,1.0,0,0.0,1.0,0,0.0,1.0,0,0.0,1.0,0,0.0,1.0,0,0.0,1.0,0,0.0,1.0,0,0.0
1355.0,1,0.0,0.0,9.616270948031016,0,0.0,1.0,0,0.0,0.5040254305863903,0,0.0,1.0,0,0.0,0.6517136833011598,0,0.0,1.0,0,0.0,1.0,0,0.0,1.0,0,0.0,1.0,0,0.0,1.0,0,0.0,1.0,0,0.0,1.0,0,0.0
1360.0,3,0.0,0.0,10.716240003209705,0,0.0,0.9552629148338477,1,0.0,0.0,0,0.0,0.9197864275459369,1,0.0,0.4814214812934754,0,0.0,1.0,0,0.0,1.0,0,0.0,0.9448469627577967,0,0.0,1.0,0,0.0,1.0,0,0.0,1.0,0,0.0,1.0,2,0.0
1365.0,1,1.0,0.058823529411764705,10.82338148516123,0,0.0,1.0,0,0.0,0.6328605451528155,0,0.0,1.0,0,0.0,0.6684383412738262,0,0.0,1.0,0,0.0,1.0,0,0.0,0.944491703276516,0,0.0,0.9843861398010147,0,0.0,1.0,0,0.0,1.0,0,0.0,1.0,0,0.0
1370.0,2,9.0,0.5294117647058824,9.28682196393459,0,0.0,0.8990900201970204,0,0.0,0.1587656653043721,0,0.0,1.0,0,0.0,0.5666373691298929,0,0.0,1.0,0,0.0,1.0,0,0.0,1.0,0,0.0,0.9800006998012241,0,0.0,1.0,0,0.0,1.0,0,0.0,1.0,0,0.0
1375.0,2,19.0,1.3571428571428572,10.401089632377504,0,0.0,0.9109022774340083,0,0.0,0.9011157910586516,0,0.0,1.0,0,0.0,0.737210678819095,0,0.0,1.0,0,0.0,1.0,0,0.0,1.0,0,0.0,1.0,0,0.0,1.0,0,0.0,1.0,0,0.0,1.0,0,0.0
1380.0,2,29.0,1.8125,9.849293321179552,0,0.0,1.0,0,0.0,0.2682516433519841,0,0.0,1.0,0,0.0,0.6447819862833774,0,0.0,1.0,0,0.0,1.0,0,0.0,0.9644994797151176,0,0.0,1.0,0,0.0,1.0,0,0.0,1.0,0,0.0,1.0,0,0.0
1385.0,1,18.0,1.2857142857142858,9.88369816114759,0,0.0,1.0,0,0.0,0.9960760380826245,0,0.0,1.0,0,0.0,0.9699281427662478,0,0.0,1.0,0,0.0,1.0,0,0.0,1.0,0,0.0,1.0,0,0.0,1.0,0,0.0,1.0,0,0.0,1.0,0,0.0
1390.0,0,0.0,0.0,11.239367798416906,0,0.0,0.9405029290841508,0,0.0,0.48943692248672077,0,0.0,1.0,0,0.0,0.7115268271334121,0,0.0,1.0,0,0.0,1.0,0,0.0,1.0,0,0.0,1.0,0,0.0,1.0,0,0.0,1.0,0,0.0,1.0,0,0.0
1395.0,0,0.0,0.0,11.481274770106387,0,0.0,1.0,0,0.0,1.0,0,0.0,0.9105332677650065,0,0.0,0.9404460709343719,0,0.0,1.0,0,0.0,1.0,0,0.0,1.0,0,0.0,0.9083552468004614,0,0.0,1.0,0,0.0,1.0,0,0.0,1.0,0,0.0
1400.0,0,0.0,0.0,10.84077928842089,0,0.0,0.9317188455276404,0,0.0,0.6565304207464703,0,0.0,1.0,0,0.0,0.4784015075694314,0,0.0,1.0,0,0.0,1.0,0,0.0,1.0,0,0.0,1.0,0,0.0,1.0,0,0.0,1.0,0,0.0,1.0,0,0.0
1405.0,4,1.0,0.0625,9.14438440380095,0,0.0,0.9919248331359047,1,0.0,0.0,0,0.0,0.9881301517337873,1,0.0,0.49593501659474176,0,0.0,1.0,0,0.0,1.0,0,0.0,1.0,0,0.0,1.0,0,0.0,1.0,0,0.0,1.0,0,0.0,1.0,2,0.0
1410.0,1,6.0,0.42857142857142855,11.10318944053447,0,0.0,1.0,0,0.0,0.732383103434948,0,0.0,1.0,0,0.0,0.6172382203493741,0,0.0,1.0,0,0.0,1.0,0,0.0,0.9090058404434944,0,0.0,1.0,0,0.0,1.0,0,0.0,1.0,0,0.0,1.0,0,0.0
1415.0,0,0.0,0.0,8.907727381601518,0,0.0,1.0,0,0.0,0.0952705647767877,0,0.0,1.0,0,0.0,0.5482636651982894,0,0.0,1.0,0,0.0,1.0,0,0.0,1.0,0,0.0,0.9409837937539965,0,0.0,1.0,0,0.0,1.0,0,0.0,1.0,0,0.0
1420.0,1,0.0,0.0,11.863741044128524,0,0.0,0.9584164592736134,0,0.0,0.750828400049185,0,0.0,1.0,0,0.0,0.8574742242114314,0,0.0,1.0,0,0.0,1.0,0,0.0,0.9070562807423841,0,0.0,0.971185509812951,0,0.0,1.0,0,0.0,1.0,0,0.0,1.0,0,0.0
1425.0,0,0.0,0.0,10.199411783582153,0,0.0,1.0,0,0.0,0.2778788542060788,0,0.0,1.0,0,0.0,0.6206861681105538,0,0.0,1.0,0,0.0,1.0,0,0.0,0.995120928797617,0,0.0,1.0,0,0.0,1.0,0,0.0,1.0,0,0.0,1.0,0,0.0
1430.0,0,0.0,0.0,12.824613841550311,0,0.0,0.9103952016008904,0,0.0,1.0,0,0.0,1.0,0,0.0,0.9747188054542701,0,0.0,1.0,0,0.0,1.0,0,0.0,1.0,0,0.0,0.9833355110885528,0,0.0,1.0,0,0.0,1.0,0,0.0,1.0,0,0.0
1435.0,0,0.0,0.0,10.202162419176599,0,0.0,1.0,0,0.0,0.4153685632516544,0,0.0,1.0,0,0.0,0.6980419282725949,0,0.0,1.0,0,0.0,1.0,0,0.0,1.0,0,0.0,1.0,0,0.0,1.0,0,0.0,1.0,0,0.0,1.0,0,0.0
1440.0,1,2.0,0.15384615384615385,11.330325420549288,0,0.0,1.0,0,0.0,1.0,0,0.0,0.9724901377192123,0,0.0,0.9042702117709456,0,0.0,1.0,0,0.0,1.0,0,0.0,1.0,0,0.0,1.0,0,0.0,1.0,0,0.0,1.0,0,0.0,1.0,0,0.0
1445.0,0,0.0,0.0,11.05712354258861,0,0.0,0.9667244919092612,0,0.0,0.5480161972460873,0,0.0,1.0,0,0.0,0.5533390810298667,0,0.0,1.0,0,0.0,1.0,0,0.0,0.9395292362654,0,0.0,1.0,0,0.0,1.0,0,0.0,1.0,0,0.0,1.0,0,0.0
1450.0,2,0.0,0.0,10.566295255050589,0,0.0,0.9680287461714425,1,0.0,0.0,0,0.0,0.9776901153974104,1,0.0,0.484781165827573,0,0.0,1.0,0,0.0,1.0,0,0.0,1.0,0,0.0,1.0,0,0.0,1.0,0,0.0,1.0,0,0.0,1.0,2,0.0
1455.0,0,0.0,0.0,11.808833726916795,0,0.0,0.9297094978770668,0,0.0,0.6698690959906317,0,0.0,1.0,0,0.0,0.8270030719206227,0,0.0,1.0,0,0.0,1.0,0,0.0,0.9663522131801903,0,0.0,1.0,0,0.0,1.0,0,0.0,1.0,0,0.0,1.0,0,0.0
1460.0,0,0.0,0.0,10.113713600984104,0,0.0,0.925360032684377,0,0.0,0.17796628436216566,0,0.0,0.9413088120285448,0,0.0,0.5563394659265075,0,0.0,1.0,0,0.0,1.0,0,0.0,1.0,0,0.0,0.9784497778279886,0,0.0,1.0,0,0.0,1.0,0,0.0,1.0,0,0.0
1465.0,0,0.0,0.0,11.959760261867485,0,0.0,1.0,0,0.0,0.9418826299864357,0,0.0,1.0,0,0.0,0.9895055707773498,0,0.0,0.9216583516546092,0,0.0,1.0,0,0.0,1.0,0,0.0,1.0,0,0.0,1.0,0,0.0,1.0,0,0.0,1.0,0,0.0
1470.0,1,1.0,0.07692307692307693,8.827221954758253,0,0.0,1.0,0,0.0,0.2246695628210523,0,0.0,1.0,0,0.0,0.6662559231667732,0,0.0,1.0,0,0.0,1.0,0,0.0,1.0,0,0.0,1.0,0,0.0,1.0,0,0.0,1.0,0,0.0,0.7701764023949756,0,0.0
1475.0,0,0.0,0.0,9.82444651621711,0,0.0,0.9444276007737086,0,0.0,0.884278581668567,0,0.0,1.0,0,0.0,0.9161270638076007,0,0.0,1.0,0,0.0,1.0,0,0.0,1.0,0,0.0,1.0,0,0.0,1.0,0,0.0,1.0,0,0.0,1.0,0,0.0
1480.0,0,0.0,0.0,10.68054946851324,0,0.0,0.9592152965883176,0,0.0,0.37756157936519963,0,0.0,1.0,0,0.0,0.6884839176228236,0,0.0,1.0,0,0.0,1.0,0,0.0,1.0,0,0.0,1.0,0,0.0,1.0,0,0.0,1.0,0,0.0,1.0,0,0.0
1485.0,1,0.0,0.0,10.987418870154906,0,0.0,1.0,0,0.0,1.0,0,0.0,0.9869533119123686,0,0.0,0.9403401773266653,0,0.0,1.0,0,0.0,1.0,0,0.0,1.0,0,0.0,1.0,0,0.0,1.0,0,0.0,1.0,0,0.0,1.0,0,0.0
1490.0,0,0.0,0.0,11.776129970678973,0,0.0,1.0,0,0.0,0.4904513257214815,0,0.0,1.0,0,0.0,0.42095597961844095,0,0.0,1.0,0,0.0,1.0,0,0.0,0.9551638706994758,0,0.0,1.0,0,0.0,1.0,0,0.0,1.0,0,0.0,1.0,0,0.0
1495.0,3,0.0,0.0,9.227549420095603,0,0.0,1.0,1,0.0,0.0,0,0.0,0.9529104063578429,1,0.0,0.4758183016674372,0,0.0,1.0,0,0.0,1.0,0,0.0,1.0,0,0.0,0.9459775017766239,0,0.0,1.0,0,0.0,1.0,0,0.0,1.0,2,0.0
1500.0,0,0.0,0.0,11.27793755998298,0,0.0,0.9793849647743693,0,0.0,0.5518085173927936,0,0.0,1.0,0,0.0,0.7773243845580876,0,0.0,1.0,0,0.0,1.0,0,0.0,1.0,0,0.0,1.0,0,0.0,1.0,0,0.0,1.0,0,0.0,1.0,0,0.0
1505.0,1,0.0,0.0,10.054090141573504,0,0.0,1.0,0,0.0,0.16492530112559037,0,0.0,0.955676007176114,0,0.0,0.5174469789603352,0,0.0,1.0,0,0.0,1.0,0,0.0,1.0,0,0.0,1.0,0,0.0,1.0,0,0.0,1.0,0,0.0,1.0,0,0.0
1510.0,0,0.0,0.0,11.755420624260493,0,0.0,0.9986058674185185,0,0.0,0.9217561176551133,0,0.0,1.0,0,0.0,0.9308846722108413,0,0.0,1.0,0,0.0,1.0,0,0.0,1.0,0,0.0,1.0,0,0.0,1.0,0,0.0,1.0,0,0.0,1.0,0,0.0
1515.0,0,0.0,0.0,9.993096259094308,0,0.0,1.0,0,0.0,0.2953931352404592,0,0.0,1.0,0,0.0,0.5488088988567245,0,0.0,1.0,0,0.0,1.0,0,0.0,1.0,0,0.0,0.9641403250639712,0,0.0,1.0,0,0.0,0.8933859520679176,0,0.0,1.0,0,0.0
1520.0,0,0.0,0.0,12.795574706622896,0,0.0,0.9888965579830705,0,0.0,1.0,0,0.0,1.0,0,0.0,0.8311075900301123,0,0.0,1.0,0,0.0,1.0,0,0.0,1.0,0,0.0,1.0,0,0.0,1.0,0,0.0,1.0,0,0.0,1.0,0,0.0
1525.0,0,0.0,0.0,11.164099378830802,0,0.0,1.0,0,0.0,0.3734240275100556,0,0.0,1.0,0,0.0,0.520670218375528,0,0.0,1.0,0,0.0,1.0,0,0.0,1.0,0,0.0,1.0,0,0.0,1.0,0,0.0,1.0,0,0.0,1.0,0,0.0
1530.0,0,0.0,0.0,11.630980441491706,0,0.0,1.0,0,0.0,1.0,0,0.0,0.9665576695946468,0,0.0,0.945037950016771,0,0.0,1.0,0,0.0,1.0,0,0.0,1.0,0,0.0,1.0,0,0.0,1.0,0,0.0,1.0,0,0.0,1.0,0,0.0
1535.0,1,0.0,0.0,10.869162367556443,0,0.0,0.934721883938968,0,0.0,0.4866606288789313,0,0.0,1.0,0,0.0,0.8823810165332907,0,0.0,1.0,0,0.0,1.0,0,0.0,1.0,0,0.0,1.0,0,0.0,1.0,0,0.0,1.0,0,0.0,1.0,0,0.0
1540.0,3,0.0,0.0,9.761993563628998,0,0.0,1.0,1,0.0,0.0,0,0.0,0.9250717660793784,1,0.0,0.4994181029409401,0,0.0,1.0,0,0.0,1.0,0,0.0,1.0,0,0.0,1.0,0,0.0,1.0,0,0.0,1.0,0,0.0,1.0,2,0.0
1545.0,0,0.0,0.0,11.015682266311858,0,0.0,0.9415503324532022,0,0.0,0.5937433392079234,0,0.0,1.0,0,0.0,0.6520879000146235,0,0.0,1.0,0,0.0,1.0,0,0.0,0.9863910174403667,0,0.0,1.0,0,0.0,1.0,0,0.0,1.0,0,0.0,1.0,0,0.0
1550.0,1,3.0,0.2,9.996020005740274,0,0.0,0.9544169841454565,0,0.0,0.18556251420708075,0,0.0,0.9381428245241807,0,0.0,0.5454453548362703,0,0.0,1.0,0,0.0,1.0,0,0.0,1.0,0,0.0,0.935849146634729,0,0.0,1.0,0,0.0,1.0,0,0.0,1.0,0,0.0
1555.0,1,8.0,0.5714285714285714,10.549504285787856,0,0.0,0.9269728973444695,0,0.0,0.8826954285785045,0,0.0,1.0,0,0.0,0.8073329556953939,0,0.0,1.0,0,0.0,1.0,0,0.0,0.9818209692962752,0,0.0,1.0,0,0.0,1.0,0,0.0,1.0,0,0.0,1.0,0,0.0
1560.0,1,13.0,0.9285714285714286,10.125908964858665,0,0.0,0.9594457155604639,0,0.0,0.3056815971731238,0,0.0,1.0,0,0.0,0.6333417793997508,0,0.0,1.0,0,0.0,1.0,0,0.0,0.9836657659387372,0,0.0,1.0,0,0.0,1.0,0,0.0,1.0,0,0.0,1.0,0,0.0
1565.0,1,18.0,1.2,9.39813556449218,0,0.0,1.0,0,0.0,1.0,0,0.0,0.9383066416385358,0,0.0,0.936718036716907,0,0.0,1.0,0,0.0,1.0,0,0.0,1.0,0,0.0,1.0,0,0.0,1.0,0,0.0,1.0,0,0.0,1.0,0,0.0
1570.0,0,0.0,0.0,10.539459685724594,0,0.0,0.9192565836727437,0,0.0,0.37353108616161135,0,0.0,1.0,0,0.0,0.5051911368759006,0,0.0,1.0,0,0.0,1.0,0,0.0,1.0,0,0.0,1.0,0,0.0,1.0,0,0.0,1.0,0,0.0,1.0,0,0.0
1575.0,0,0.0,0.0,12.27019122821351,0,0.0,1.0,0,0.0,1.0,0,0.0,0.9487585263719149,0,0.0,0.9251571876223346,0,0.0,1.0,0,0.0,1.0,0,0.0,1.0,0,0.0,0.9368018786459886,0,0.0,1.0,0,0.0,1.0,0,0.0,1.0,0,0.0
1580.0,0,0.0,0.0,10.99397267187241,0,0.0,0.9213963173022347,0,0.0,0.5850100948733827,0,0.0,1.0,0,0.0,0.48928419932764067,0,0.0,1.0,0,0.0,1.0,0,0.0,0.9176799711528799,0,0.0,1.0,0,0.0,1.0,0,0.0,1.0,0,0.0,1.0,0,0.0
1585.0,3,0.0,0.0,9.695050298360979,0,0.0,0.9856629698700303,1,0.0,0.0,0,0.0,0.9735331252734764,1,0.0,0.4918477150074515,0,0.0,1.0,0,0.0,1.0,0,0.0,1.0,0,0.0,1.0,0,0.0,1.0,0,0.0,1.0,0,0.0,1.0,2,0.0
1590.0,0,0.0,0.0,11.74278615756714,0,0.0,1.0,0,0.0,0.6376898393812716,0,0.0,1.0,0,0.0,0.6731683335215365,0,0.0,1.0,0,0.0,1.0,0,0.0,0.9439872965226113,0,0.0,1.0,0,0.0,1.0,0,0.0,1.0,0,0.0,1.0,0,0.0
1595.0,0,0.0,0.0,10.505829020194211,0,0.0,1.0,0,0.0,0.181332495798083,0,0.0,1.0,0,0.0,0.5304340965501139,0,0.0,1.0,0,0.0,1.0,0,0.0,1.0,0,0.0,0.9328480530225058,0,0.0,1.0,0,0.0,1.0,0,0.0,1.0,0,0.0
1600.0,1,0.0,0.0,12.179145766945153,0,0.0,1.0,0,0.0,0.9011421144859765,0,0.0,1.0,0,0.0,0.9860174575982619,0,0.0,1.0,0,0.0,1.0,0,0.0,1.0,0,0.0,1.0,0,0.0,1.0,0,0.0,1.0,0,0.0,1.0,0,0.0
1605.0,0,0.0,0.0,10.222276552394662,0,0.0,1.0,0,0.0,0.22766018575878938,0,0.0,1.0,0,0.0,0.5879521742347815,0,0.0,1.0,0,0.0,1.0,0,0.0,1.0,0,0.0,0.9503003360891423,0,0.0,1.0,0,0.0,1.0,0,0.0,1.0,0,0.0
1610.0,0,0.0,0.0,10.943664852692756,0,0.0,0.9662933717998156,0,0.0,0.8581176932743669,0,0.0,1.0,0,0.0,0.8997770504810954,0,0.0,1.0,0,0.0,1.0,0,0.0,1.0,0,0.0,0.9567583043431435,0,0.0,1.0,0,0.0,1.0,0,0.0,1.0,0,0.0
1615.0,1,5.0,0.3333333333333333,9.32759602886811,0,0.0,1.0,0,0.0,0.560818848313155,0,0.0,1.0,0,0.0,0.6659023317663763,0,0.0,1.0,0,0.0,1.0,0,0.0,1.0,0,0.0,1.0,0,0.0,1.0,0,0.0,1.0,0,0.0,1.0,0,0.0
1620.0,2,12.0,0.9230769230769231,9.41259572442075,0,0.0,0.8283561420158412,0,0.0,1.0,0,0.0,0.9528637328934156,0,0.0,0.9257868774965898,0,0.0,1.0,0,0.0,1.0,0,0.0,0.8899176130838441,0,0.0,1.0,0,0.0,1.0,0,0.0,1.0,0,0.0,1.0,0,0.0
1625.0,1,7.0,0.4117647058823529,9.958311961077136,0,0.0,0.8025148136490844,0,0.0,0.4079676805471975,0,0.0,1.0,0,0.0,0.6460393418237219,0,0.0,1.0,0,0.0,1.0,0,0.0,1.0,0,0.0,1.0,0,0.0,1.0,0,0.0,1.0,0,11.0,0.5774034688419375,0,11.0
1630.0,3,12.0,0.6666666666666666,9.316640810411306,0,0.0,1.0,1,0.0,0.0,0,0.0,0.9834150475463944,1,0.0,0.48627657961361836,0,0.0,1.0,0,0.0,1.0,0,0.0,0.9702712752017445,0,0.0,1.0,0,0.0,1.0,0,0.0,1.0,0,0.0,1.0,2,0.0
1635.0,2,19.0,1.2666666666666666,9.358889230615395,0,0.0,0.9066824790935525,0,0.0,0.7622100083434523,0,0.0,1.0,0,0.0,0.6298616096585679,0,0.0,1.0,0,0.0,1.0,0,0.0,1.0,0,0.0,1.0,0,0.0,1.0,0,0.0,1.0,0,0.0,1.0,0,0.0
1640.0,2,29.0,1.6111111111111112,9.141636555606494,0,0.0,1.0,0,0.0,0.16566888436204566,0,0.0,0.9253368475323266,0,0.0,0.5454039933130539,0,0.0,1.0,0,0.0,1.0,0,0.0,1.0,0,0.0,1.0,0,0.0,1.0,0,0.0,1.0,0,0.0,1.0,0,0.0
1645.0,0,0.0,0.0,11.093076093505363,0,0.0,0.914996601460616,0,0.0,0.9455992309862666,0,0.0,1.0,0,0.0,0.7743159521734136,0,0.0,1.0,0,0.0,0.9424889648863412,0,0.0,1.0,0,0.0,1.0,0,0.0,1.0,0,0.0,1.0,0,0.0,1.0,0,0.0
1650.0,0,0.0,0.0,11.329620673292464,0,0.0,0.8482398808011179,0,0.0,0.3564591141496247,0,0.0,1.0,0,0.0,0.29135450426363657,0,0.0,1.0,0,0.0,1.0,0,0.0,1.0,0,0.0,1.0,0,0.0,1.0,0,0.0,1.0,0,0.0,1.0,0,0.0
1655.0,0,0.0,0.0,10.02274055163185,0,0.0,1.0,0,0.0,0.8988601294046175,0,0.0,1.0,0,0.0,0.8982760817030925,0,0.0,1.0,0,0.0,1.0,0,0.0,0.9356905055560188,0,0.0,1.0,0,0.0,1.0,0,0.0,1.0,0,0.0,1.0,0,0.0
1660.0,1,4.0,0.26666666666666666,9.776240223795037,0,0.0,1.0,0,0.0,0.3350879588068576,0,0.0,1.0,0,0.0,0.6416759532388375,0,0.0,1.0,0,0.0,1.0,0,0.0,1.0,0,0.0,1.0,0,0.0,1.0,0,0.0,1.0,0,0.0,1.0,0,0.0
1665.0,1,0.0,0.0,10.866411547897405,0,0.0,1.0,0,0.0,1.0,0,0.0,0.9791022937301884,0,0.0,0.9750184355875245,0,0.0,1.0,0,0.0,1.0,0,0.0,1.0,0,0.0,1.0,0,0.0,1.0,0,0.0,1.0,0,0.0,1.0,0,0.0
1670.0,0,0.0,0.0,11.621327043488924,0,0.0,1.0,0,0.0,0.4486147502000018,0,0.0,1.0,0,0.0,0.5463112221676426,0,0.0,1.0,0,0.0,1.0,0,0.0,1.0,0,0.0,1.0,0,0.0,1.0,0,0.0,1.0,0,0.0,1.0,0,0.0
1675.0,3,0.0,0.0,8.405586551818192,0,0.0,1.0,1,0.0,0.0,0,0.0,0.9575620169301094,1,0.0,0.4892918356960567,0,0.0,1.0,0,0.0,1.0,0,0.0,1.0,0,0.0,1.0,0,0.0,1.0,0,0.0,1.0,0,0.0,1.0,2,0.0
1680.0,0,0.0,0.0,11.029045959513082,0,0.0,0.9322851001627345,0,0.0,0.801082030214046,0,0.0,1.0,0,0.0,0.7133204524552562,0,0.0,1.0,0,0.0,1.0,0,0.0,1.0,0,0.0,1.0,0,0.0,1.0,0,0.0,1.0,0,0.0,1.0,0,0.0
1685.0,1,0.0,0.0,9.290841227586608,0,0.0,1.0,0,0.0,0.10610941352223176,0,0.0,1.0,0,0.0,0.5674754830580396,0,0.0,1.0,0,0.0,1.0,0,0.0,1.0,0,0.0,1.0,0,0.0,1.0,0,0.0,1.0,0,0.0,1.0,0,0.0
1690.0,1,3.0,0.23076923076923078,10.512577167582212,0,0.0,0.9271787280236189,0,0.0,0.7137712348572449,0,0.0,1.0,0,0.0,0.8929376852020425,0,0.0,1.0,0,0.0,1.0,0,0.0,1.0,0,0.0,1.0,0,0.0,1.0,0,0.0,1.0,0,0.0,1.0,0,0.0
1695.0,0,0.0,0.0,9.545658060818377,0,0.0,1.0,0,0.0,0.3114993027152587,0,0.0,1.0,0,0.0,0.589736948558912,0,0.0,1.0,0,0.0,1.0,0,0.0,1.0,0,0.0,0.9923822972351084,0,0.0,1.0,0,0.0,0.876075010680389,0,0.0,1.0,0,0.0
1700.0,0,0.0,0.0,12.092162530861662,0,0.0,0.9193749206440802,0,0.0,1.0,0,0.0,1.0,0,0.0,0.9207569405143023,0,0.0,1.0,0,0.0,1.0,0,0.0,1.0,0,0.0,0.9609535646756284,0,0.0,1.0,0,0.0,1.0,0,0.0,1.0,0,0.0
1705.0,0,0.0,0.0,9.667096992288991,0,0.0,1.0,0,0.0,0.4549644498678151,0,0.0,1.0,0,0.0,0.6113037501766263,0,0.0,1.0,0,0.0,1.0,0,0.0,1.0,0,0.0,1.0,0,0.0,1.0,0,0.0,1.0,0,0.0,1.0,0,0.0
1710.0,0,0.0,0.0,10.75291660980583,0,0.0,1.0,0,0.0,1.0,0,0.0,0.99592672254091,0,0.0,0.9081144690800403,0,0.0,1.0,0,0.0,1.0,0,0.0,1.0,0,0.0,1.0,0,0.0,1.0,0,0.0,1.0,0,0.0,1.0,0,0.0
1715.0,1,0.0,0.0,10.469192658372952,0,0.0,0.8904576720154538,0,0.0,0.4717825432215134,0,0.0,1.0,0,0.0,0.5944497165961323,0,0.0,1.0,0,0.0,1.0,0,0.0,1.0,0,0.0,1.0,0,0.0,1.0,0,0.0,1.0,0,0.0,1.0,0,0.0
1720.0,3,0.0,0.0,9.788142689368001,0,0.0,1.0,1,0.0,0.0,0,0.0,0.9299916182530611,1,0.0,0.4660683386088927,0,0.0,1.0,0,0.0,1.0,0,0.0,1.0,0,0.0,1.0,0,0.0,1.0,0,0.0,1.0,0,0.0,1.0,2,0.0
1725.0,1,1.0,0.0625,10.347641004764693,0,0.0,0.9479782922479041,0,0.0,0.7611392561760136,0,0.0,1.0,0,0.0,0.8292261429813061,0,0.0,1.0,0,0.0,1.0,0,0.0,1.0,0,0.0,0.958509456692035,0,0.0,1.0,0,0.0,1.0,0,0.0,1.0,0,0.0
1730.0,2,8.0,0.47058823529411764,9.37202484526098,0,0.0,0.9620777023452117,0,0.0,0.14893510579018657,0,0.0,1.0,0,0.0,0.5891117888754394,0,0.0,1.0,0,0.0,1.0,0,0.0,1.0,0,0.0,1.0,0,0.0,1.0,0,0.0,1.0,0,0.0,1.0,0,0.0
1735.0,2,18.0,1.2,10.242691701698732,0,0.0,0.897036343378807,0,0.0,0.7928340869890265,0,0.0,1.0,0,0.0,0.9806884055153411,0,0.0,1.0,0,0.0,1.0,0,0.0,0.9792916218880575,0,0.0,1.0,0,0.0,1.0,0,0.0,0.8506727346392448,0,0.0,1.0,0,0.0
1740.0,2,28.0,1.6470588235294117,9.804962625304372,0,0.0,1.0,0,0.0,0.25799014943669735,0,0.0,1.0,0,0.0,0.613984133880428,0,0.0,1.0,0,0.0,1.0,0,0.0,1.0,0,0.0,1.0,0,0.0,1.0,0,0.0,1.0,0,0.0,1.0,0,0.0
1745.0,2,38.0,2.533333333333333,9.114264315721055,0,0.0,1.0,0,0.0,0.9633573431981309,0,0.0,1.0,0,0.0,0.9179773819041418,0,0.0,1.0,0,0.0,1.0,0,0.0,1.0,0,0.0,1.0,0,0.0,0.9863819007945307,0,0.0,1.0,0,0.0,1.0,0,0.0
1750.0,1,22.0,1.2941176470588236,10.758950264056677,0,0.0,0.9332158287653782,0,0.0,0.5222359796791838,0,0.0,1.0,0,0.0,0.46387628182956164,0,0.0,1.0,0,0.0,1.0,0,0.0,0.9794367160243653,0,0.0,1.0,0,0.0,1.0,0,0.0,1.0,0,0.0,1.0,0,0.0
1755.0,0,0.0,0.0,11.162243312370643,0,0.0,1.0,0,0.0,1.0,0,0.0,0.8990002235897875,0,0.0,0.9467317105720006,0,0.0,1.0,0,0.0,1.0,0,0.0,1.0,0,0.0,1.0,0,0.0,1.0,0,0.0,1.0,0,0.0,1.0,0,0.0
1760.0,0,0.0,0.0,11.135537160686626,0,0.0,1.0,0,0.0,0.48466471000612765,0,0.0,1.0,0,0.0,0.5553083574676806,0,0.0,1.0,0,0.0,1.0,0,0.0,1.0,0,0.0,0.9535343858696075,0,0.0,1.0,0,0.0,1.0,0,0.0,1.0,0,0.0
1765.0,5,6.0,0.375,8.41659731133064,0,0.0,0.9478072686927105,1,0.0,0.0,0,0.0,0.9401027063204874,1,0.0,0.4737491441434038,0,0.0,1.0,0,0.0,1.0,0,0.0,1.0,0,0.0,1.0,0,0.0,1.0,0,0.0,1.0,0,0.0,1.0,2,0.0
1770.0,1,9.0,0.6428571428571429,10.186086709089917,0,0.0,0.7062233310529406,0,0.0,0.7849534546564616,0,0.0,1.0,0,0.0,0.8100061989463841,0,0.0,1.0,0,0.0,1.0,0,0.0,1.0,0,0.0,0.9555609898727545,0,0.0,1.0,0,0.0,1.0,0,0.0,1.0,0,0.0
1775.0,0,0.0,0.0,9.785763156804233,0,0.0,1.0,0,0.0,0.10535863437761939,0,0.0,1.0,0,0.0,0.5099710677509555,0,0.0,1.0,0,0.0,1.0,0,0.0,1.0,0,0.0,0.9231024320247937,0,0.0,1.0,0,0.0,1.0,0,10.0,0.5972568656809583,0,10.0
1780.0,1,0.0,0.0,10.394128178666756,0,0.0,1.0,0,0.0,0.8598261141199499,0,0.0,1.0,0,0.0,0.7640865338015627,0,0.0,1.0,0,0.0,1.0,0,0.0,0.9760575866218036,0,0.0,1.0,0,0.0,1.0,0,0.0,1.0,0,0.0,1.0,0,0.0
1785.0,0,0.0,0.0,10.774356868426418,0,0.0,0.7035676755386766,0,0.0,0.24134113257295056,0,0.0,1.0,0,0.0,0.5730840509103247,0,0.0,1.0,0,0.0,1.0,0,0.0,1.0,0,0.0,1.0,0,0.0,1.0,0,0.0,1.0,0,0.0,1.0,0,0.0
1790.0,0,0.0,0.0,11.86774876134597,0,0.0,1.0,0,0.0,0.8768469121672411,0,0.0,1.0,0,0.0,0.8718410508538933,0,0.0,1.0,0,0.0,1.0,0,0.0,1.0,0,0.0,0.9665696702333437,0,0.0,1.0,0,0.0,1.0,0,0.0,1.0,0,0.0
1795.0,0,0.0,0.0,10.65881705145383,0,0.0,1.0,0,0.0,0.3510013146685259,0,0.0,1.0,0,0.0,0.7108990901104102,0,0.0,1.0,0,0.0,1.0,0,0.0,1.0,0,0.0,1.0,0,0.0,1.0,0,0.0,1.0,0,0.0,1.0,0,0.0
1800.0,0,0.0,0.0,11.504971766213917,0,0.0,1.0,0,0.0,1.0,0,0.0,1.0,0,0.0,0.9188482176949536,0,0.0,1.0,0,0.0,1.0,0,0.0,1.0,0,0.0,1.0,0,0.0,1.0,0,0.0,1.0,0,0.0,1.0,0,0.0
